estado,codigo_estado,data,semana_epidem,populacao,populacao_2019,is_last,is_repeated,casos_confirmados,casos_por_100k_habitantes,data_atualizacao,taxa_mortalidade,obitos,estado,casos_novos,obitos_novos
São Paulo,35.0,2020-02-25,202009,46289333.0,45919049.0,False,False,1,0.00216,2020-02-25,0.0,0,SP,1,0
São Paulo,35.0,2020-02-26,202009,46289333.0,45919049.0,False,False,1,0.00216,2020-02-26,0.0,0,SP,0,0
São Paulo,35.0,2020-02-27,202009,46289333.0,45919049.0,False,False,1,0.00216,2020-02-27,0.0,0,SP,0,0
São Paulo,35.0,2020-02-28,202009,46289333.0,45919049.0,False,False,2,0.00432,2020-02-28,0.0,0,SP,1,0
São Paulo,35.0,2020-02-29,202009,46289333.0,45919049.0,False,False,2,0.00432,2020-02-29,0.0,0,SP,0,0
São Paulo,35.0,2020-03-01,202010,46289333.0,45919049.0,False,False,2,0.00432,2020-03-01,0.0,0,SP,0,0
São Paulo,35.0,2020-03-02,202010,46289333.0,45919049.0,False,False,2,0.00432,2020-03-02,0.0,0,SP,0,0
São Paulo,35.0,2020-03-03,202010,46289333.0,45919049.0,False,False,2,0.00432,2020-03-03,0.0,0,SP,0,0
São Paulo,35.0,2020-03-04,202010,46289333.0,45919049.0,False,False,3,0.00648,2020-03-04,0.0,0,SP,1,0
São Paulo,35.0,2020-03-05,202010,46289333.0,45919049.0,False,False,6,0.01296,2020-03-05,0.0,0,SP,3,0
São Paulo,35.0,2020-03-06,202010,46289333.0,45919049.0,False,False,10,0.0216,2020-03-06,0.0,0,SP,4,0
São Paulo,35.0,2020-03-07,202010,46289333.0,45919049.0,False,False,13,0.02808,2020-03-07,0.0,0,SP,3,0
São Paulo,35.0,2020-03-08,202011,46289333.0,45919049.0,False,False,16,0.03457,2020-03-08,0.0,0,SP,3,0
São Paulo,35.0,2020-03-09,202011,46289333.0,45919049.0,False,False,16,0.03457,2020-03-09,0.0,0,SP,0,0
São Paulo,35.0,2020-03-10,202011,46289333.0,45919049.0,False,False,19,0.04105,2020-03-10,0.0,0,SP,3,0
São Paulo,35.0,2020-03-11,202011,46289333.0,45919049.0,False,False,30,0.06481,2020-03-11,0.0,0,SP,11,0
São Paulo,35.0,2020-03-12,202011,46289333.0,45919049.0,False,False,46,0.09937,2020-03-12,0.0,0,SP,16,0
São Paulo,35.0,2020-03-13,202011,46289333.0,45919049.0,False,True,46,0.09937,2020-03-12,0.0,0,SP,0,0
São Paulo,35.0,2020-03-14,202011,46289333.0,45919049.0,False,False,65,0.14042000000000002,2020-03-14,0.0,0,SP,19,0
São Paulo,35.0,2020-03-15,202012,46289333.0,45919049.0,False,True,65,0.14042000000000002,2020-03-14,0.0,0,SP,0,0
São Paulo,35.0,2020-03-16,202012,46289333.0,45919049.0,False,False,152,0.32837,2020-03-16,0.0,0,SP,87,0
São Paulo,35.0,2020-03-17,202012,46289333.0,45919049.0,False,False,164,0.35429,2020-03-17,0.0061,1,SP,12,1
São Paulo,35.0,2020-03-18,202012,46289333.0,45919049.0,False,False,240,0.51848,2020-03-18,0.0125,3,SP,76,2
São Paulo,35.0,2020-03-19,202012,46289333.0,45919049.0,False,False,286,0.61785,2020-03-19,0.0175,5,SP,46,2
São Paulo,35.0,2020-03-20,202012,46289333.0,45919049.0,False,False,396,0.85549,2020-03-20,0.0227,9,SP,110,4
São Paulo,35.0,2020-03-21,202012,46289333.0,45919049.0,False,False,396,0.85549,2020-03-21,0.0379,15,SP,0,6
São Paulo,35.0,2020-03-22,202013,46289333.0,45919049.0,False,False,631,1.36317,2020-03-22,0.0349,22,SP,235,7
São Paulo,35.0,2020-03-23,202013,46289333.0,45919049.0,False,False,745,1.60944,2020-03-23,0.0403,30,SP,114,8
São Paulo,35.0,2020-03-24,202013,46289333.0,45919049.0,False,False,810,1.7498599999999997,2020-03-24,0.0494,40,SP,65,10
São Paulo,35.0,2020-03-25,202013,46289333.0,45919049.0,False,False,862,1.8622,2020-03-25,0.0557,48,SP,52,8
São Paulo,35.0,2020-03-26,202013,46289333.0,45919049.0,False,False,1052,2.2726599999999997,2020-03-26,0.0551,58,SP,190,10
São Paulo,35.0,2020-03-27,202013,46289333.0,45919049.0,False,False,1223,2.64208,2020-03-27,0.0556,68,SP,171,10
São Paulo,35.0,2020-03-28,202013,46289333.0,45919049.0,False,False,1406,3.03742,2020-03-28,0.0597,84,SP,183,16
São Paulo,35.0,2020-03-29,202014,46289333.0,45919049.0,False,False,1451,3.13463,2020-03-29,0.0675,98,SP,45,14
São Paulo,35.0,2020-03-30,202014,46289333.0,45919049.0,False,False,1517,3.2772099999999997,2020-03-30,0.0745,113,SP,66,15
São Paulo,35.0,2020-03-31,202014,46289333.0,45919049.0,False,False,2339,5.053,2020-03-31,0.0581,136,SP,822,23
São Paulo,35.0,2020-04-01,202014,46289333.0,45919049.0,False,False,2981,6.43993,2020-04-01,0.055,164,SP,642,28
São Paulo,35.0,2020-04-02,202014,46289333.0,45919049.0,False,False,3506,7.5741,2020-04-02,0.0536,188,SP,525,24
São Paulo,35.0,2020-04-03,202014,46289333.0,45919049.0,False,False,4048,8.745,2020-04-03,0.0541,219,SP,542,31
São Paulo,35.0,2020-04-04,202014,46289333.0,45919049.0,False,False,4466,9.648010000000001,2020-04-04,0.0582,260,SP,418,41
São Paulo,35.0,2020-04-05,202015,46289333.0,45919049.0,False,False,4620,9.9807,2020-04-05,0.0595,275,SP,154,15
São Paulo,35.0,2020-04-06,202015,46289333.0,45919049.0,False,False,4866,10.512139999999999,2020-04-06,0.0625,304,SP,246,29
São Paulo,35.0,2020-04-07,202015,46289333.0,45919049.0,False,False,5682,12.27497,2020-04-07,0.0653,371,SP,816,67
São Paulo,35.0,2020-04-08,202015,46289333.0,45919049.0,False,False,6708,14.49146,2020-04-08,0.0638,428,SP,1026,57
São Paulo,35.0,2020-04-09,202015,46289333.0,45919049.0,False,False,7480,16.159229999999997,2020-04-09,0.0663,496,SP,772,68
São Paulo,35.0,2020-04-10,202015,46289333.0,45919049.0,False,False,8216,17.749229999999997,2020-04-10,0.0657,540,SP,736,44
São Paulo,35.0,2020-04-11,202015,46289333.0,45919049.0,False,False,8419,18.18778,2020-04-11,0.0665,560,SP,203,20
São Paulo,35.0,2020-04-12,202016,46289333.0,45919049.0,False,False,8755,18.91364,2020-04-12,0.0672,588,SP,336,28
São Paulo,35.0,2020-04-13,202016,46289333.0,45919049.0,False,False,8895,19.216089999999998,2020-04-13,0.0684,608,SP,140,20
São Paulo,35.0,2020-04-14,202016,46289333.0,45919049.0,False,False,9371,20.2444,2020-04-14,0.0742,695,SP,476,87
São Paulo,35.0,2020-04-15,202016,46289333.0,45919049.0,False,False,11043,23.85647,2020-04-15,0.0705,778,SP,1672,83
São Paulo,35.0,2020-04-16,202016,46289333.0,45919049.0,False,False,11568,24.99064,2020-04-16,0.0737,853,SP,525,75
São Paulo,35.0,2020-04-17,202016,46289333.0,45919049.0,False,False,12841,27.74073,2020-04-17,0.0723,928,SP,1273,75
São Paulo,35.0,2020-04-18,202016,46289333.0,45919049.0,False,False,13894,30.01555,2020-04-18,0.0713,991,SP,1053,63
São Paulo,35.0,2020-04-19,202017,46289333.0,45919049.0,False,False,14267,30.82136,2020-04-19,0.0711,1015,SP,373,24
São Paulo,35.0,2020-04-20,202017,46289333.0,45919049.0,False,False,14580,31.49754,2020-04-20,0.0711,1037,SP,313,22
São Paulo,35.0,2020-04-21,202017,46289333.0,45919049.0,False,False,15385,33.2366,2020-04-21,0.071,1093,SP,805,56
São Paulo,35.0,2020-04-22,202017,46289333.0,45919049.0,False,False,15914,34.37941,2020-04-22,0.0713,1134,SP,529,41
São Paulo,35.0,2020-04-23,202017,46289333.0,45919049.0,False,False,16740,36.16384,2020-04-23,0.0803,1345,SP,826,211
São Paulo,35.0,2020-04-24,202017,46289333.0,45919049.0,False,False,17826,38.50995,2020-04-24,0.0848,1512,SP,1086,167
São Paulo,35.0,2020-04-25,202017,46289333.0,45919049.0,False,False,20004,43.215140000000005,2020-04-25,0.0833,1667,SP,2178,155
São Paulo,35.0,2020-04-26,202018,46289333.0,45919049.0,False,False,20715,44.751129999999996,2020-04-26,0.0821,1700,SP,711,33
São Paulo,35.0,2020-04-27,202018,46289333.0,45919049.0,False,False,21696,46.87041,2020-04-27,0.0841,1825,SP,981,125
São Paulo,35.0,2020-04-28,202018,46289333.0,45919049.0,False,False,24041,51.936370000000004,2020-04-28,0.0852,2049,SP,2345,224
São Paulo,35.0,2020-04-29,202018,46289333.0,45919049.0,False,False,26158,56.509780000000006,2020-04-29,0.0859,2247,SP,2117,198
São Paulo,35.0,2020-04-30,202018,46289333.0,45919049.0,False,False,28698,61.997,2020-04-30,0.0828,2375,SP,2540,128
São Paulo,35.0,2020-05-01,202018,46289333.0,45919049.0,False,False,30374,65.61771,2020-05-01,0.0827,2511,SP,1676,136
São Paulo,35.0,2020-05-02,202018,46289333.0,45919049.0,False,False,31174,67.34597,2020-05-02,0.083,2586,SP,800,75
São Paulo,35.0,2020-05-03,202019,46289333.0,45919049.0,False,False,31772,68.63784,2020-05-03,0.0827,2627,SP,598,41
São Paulo,35.0,2020-05-04,202019,46289333.0,45919049.0,False,False,32187,69.53438,2020-05-04,0.0825,2654,SP,415,27
São Paulo,35.0,2020-05-05,202019,46289333.0,45919049.0,False,False,34053,73.56554,2020-05-05,0.0837,2851,SP,1866,197
São Paulo,35.0,2020-05-06,202019,46289333.0,45919049.0,False,False,37853,81.77478,2020-05-06,0.0804,3045,SP,3800,194
São Paulo,35.0,2020-05-07,202019,46289333.0,45919049.0,False,False,39928,86.25745,2020-05-07,0.0803,3206,SP,2075,161
São Paulo,35.0,2020-05-08,202019,46289333.0,45919049.0,False,False,41830,90.36639,2020-05-08,0.0817,3416,SP,1902,210
São Paulo,35.0,2020-05-09,202019,46289333.0,45919049.0,False,False,44411,95.94219,2020-05-09,0.0812,3608,SP,2581,192
São Paulo,35.0,2020-05-10,202020,46289333.0,45919049.0,False,False,45444,98.17381,2020-05-10,0.0816,3709,SP,1033,101
São Paulo,35.0,2020-05-11,202020,46289333.0,45919049.0,False,False,46131,99.65795,2020-05-11,0.0811,3743,SP,687,34
São Paulo,35.0,2020-05-12,202020,46289333.0,45919049.0,False,False,47719,103.08855,2020-05-12,0.0828,3949,SP,1588,206
São Paulo,35.0,2020-05-13,202020,46289333.0,45919049.0,False,False,51097,110.38611999999999,2020-05-13,0.0806,4118,SP,3378,169
São Paulo,35.0,2020-05-14,202020,46289333.0,45919049.0,False,False,54286,117.2754,2020-05-14,0.0795,4315,SP,3189,197
São Paulo,35.0,2020-05-15,202020,46289333.0,45919049.0,False,False,58378,126.11545,2020-05-15,0.0771,4501,SP,4092,186
São Paulo,35.0,2020-05-16,202020,46289333.0,45919049.0,False,False,61183,132.17516,2020-05-16,0.0766,4688,SP,2805,187
São Paulo,35.0,2020-05-17,202021,46289333.0,45919049.0,False,False,62345,134.68546,2020-05-17,0.0767,4782,SP,1162,94
São Paulo,35.0,2020-05-18,202021,46289333.0,45919049.0,False,False,63066,136.24305,2020-05-18,0.0765,4823,SP,721,41
São Paulo,35.0,2020-05-19,202021,46289333.0,45919049.0,False,False,65995,142.57064,2020-05-19,0.078,5147,SP,2929,324
São Paulo,35.0,2020-05-20,202021,46289333.0,45919049.0,False,False,69859,150.91814,2020-05-20,0.0768,5363,SP,3864,216
São Paulo,35.0,2020-05-21,202021,46289333.0,45919049.0,False,False,73739,159.3002,2020-05-21,0.0754,5558,SP,3880,195
São Paulo,35.0,2020-05-22,202021,46289333.0,45919049.0,False,False,76871,166.06634,2020-05-22,0.0751,5773,SP,3132,215
São Paulo,35.0,2020-05-23,202021,46289333.0,45919049.0,False,False,80558,174.03146,2020-05-23,0.075,6045,SP,3687,272
São Paulo,35.0,2020-05-24,202022,46289333.0,45919049.0,False,False,82161,177.49446,2020-05-24,0.075,6163,SP,1603,118
São Paulo,35.0,2020-05-25,202022,46289333.0,45919049.0,False,False,83625,180.65717,2020-05-25,0.0744,6220,SP,1464,57
São Paulo,35.0,2020-05-26,202022,46289333.0,45919049.0,False,False,86017,185.82467,2020-05-26,0.0747,6423,SP,2392,203
São Paulo,35.0,2020-05-27,202022,46289333.0,45919049.0,False,False,89483,193.31236,2020-05-27,0.075,6712,SP,3466,289
São Paulo,35.0,2020-05-28,202022,46289333.0,45919049.0,False,False,95865,207.09955,2020-05-28,0.0728,6980,SP,6382,268
São Paulo,35.0,2020-05-29,202022,46289333.0,45919049.0,False,False,101556,219.39396000000002,2020-05-29,0.0716,7275,SP,5691,295
São Paulo,35.0,2020-05-30,202022,46289333.0,45919049.0,False,False,107142,231.46152999999998,2020-05-30,0.0703,7532,SP,5586,257
São Paulo,35.0,2020-05-31,202023,46289333.0,45919049.0,False,False,109698,236.98332000000002,2020-05-31,0.0694,7615,SP,2556,83
São Paulo,35.0,2020-06-01,202023,46289333.0,45919049.0,False,False,111296,240.43552000000003,2020-06-01,0.0689,7667,SP,1598,52
São Paulo,35.0,2020-06-02,202023,46289333.0,45919049.0,False,False,118295,255.55563999999998,2020-06-02,0.0676,7994,SP,6999,327
São Paulo,35.0,2020-06-03,202023,46289333.0,45919049.0,False,False,123483,266.7634,2020-06-03,0.067,8276,SP,5188,282
São Paulo,35.0,2020-06-04,202023,46289333.0,45919049.0,False,False,129200,279.11397999999997,2020-06-04,0.0663,8561,SP,5717,285
São Paulo,35.0,2020-06-05,202023,46289333.0,45919049.0,False,False,134565,290.70412000000005,2020-06-05,0.0657,8842,SP,5365,281
São Paulo,35.0,2020-06-06,202023,46289333.0,45919049.0,False,False,140549,303.63151,2020-06-06,0.0644,9058,SP,5984,216
São Paulo,35.0,2020-06-07,202024,46289333.0,45919049.0,False,False,143073,309.08417000000003,2020-06-07,0.0639,9145,SP,2524,87
São Paulo,35.0,2020-06-08,202024,46289333.0,45919049.0,False,False,144593,312.36786,2020-06-08,0.0635,9188,SP,1520,43
São Paulo,35.0,2020-06-09,202024,46289333.0,45919049.0,False,False,150138,324.34686,2020-06-09,0.0634,9522,SP,5545,334
São Paulo,35.0,2020-06-10,202024,46289333.0,45919049.0,False,False,156316,337.69335,2020-06-10,0.0631,9862,SP,6178,340
São Paulo,35.0,2020-06-11,202024,46289333.0,45919049.0,False,False,162520,351.09601000000004,2020-06-11,0.0624,10145,SP,6204,283
São Paulo,35.0,2020-06-12,202024,46289333.0,45919049.0,False,False,167900,362.71856,2020-06-12,0.0618,10368,SP,5380,223
São Paulo,35.0,2020-06-13,202024,46289333.0,45919049.0,False,False,172875,373.46617000000003,2020-06-13,0.0612,10581,SP,4975,213
São Paulo,35.0,2020-06-14,202025,46289333.0,45919049.0,False,False,178202,384.97422,2020-06-14,0.06,10694,SP,5327,113
São Paulo,35.0,2020-06-15,202025,46289333.0,45919049.0,False,False,181460,392.01256,2020-06-15,0.0593,10767,SP,3258,73
São Paulo,35.0,2020-06-16,202025,46289333.0,45919049.0,False,False,190285,411.07743,2020-06-16,0.0585,11132,SP,8825,365
São Paulo,35.0,2020-06-17,202025,46289333.0,45919049.0,False,False,191517,413.73895,2020-06-17,0.0602,11521,SP,1232,389
São Paulo,35.0,2020-06-18,202025,46289333.0,45919049.0,False,False,192628,416.13907,2020-06-18,0.0615,11846,SP,1111,325
São Paulo,35.0,2020-06-19,202025,46289333.0,45919049.0,False,False,211658,457.25005,2020-06-19,0.0578,12232,SP,19030,386
São Paulo,35.0,2020-06-20,202025,46289333.0,45919049.0,False,False,215793,466.183,2020-06-20,0.0579,12494,SP,4135,262
São Paulo,35.0,2020-06-21,202026,46289333.0,45919049.0,False,False,219185,473.51082,2020-06-21,0.0574,12588,SP,3392,94
São Paulo,35.0,2020-06-22,202026,46289333.0,45919049.0,False,False,221973,479.53380999999996,2020-06-22,0.0569,12634,SP,2788,46
São Paulo,35.0,2020-06-23,202026,46289333.0,45919049.0,False,False,229475,495.74055999999996,2020-06-23,0.0569,13068,SP,7502,434
São Paulo,35.0,2020-06-24,202026,46289333.0,45919049.0,False,False,238822,515.93312,2020-06-24,0.0559,13352,SP,9347,284
São Paulo,35.0,2020-06-25,202026,46289333.0,45919049.0,False,False,248587,537.02869,2020-06-25,0.0553,13759,SP,9765,407
São Paulo,35.0,2020-06-26,202026,46289333.0,45919049.0,False,False,258508,558.46128,2020-06-26,0.054,13966,SP,9921,207
São Paulo,35.0,2020-06-27,202026,46289333.0,45919049.0,False,False,265581,573.74125,2020-06-27,0.0537,14263,SP,7073,297
São Paulo,35.0,2020-06-28,202027,46289333.0,45919049.0,False,False,271737,587.04022,2020-06-28,0.0528,14338,SP,6156,75
São Paulo,35.0,2020-06-29,202027,46289333.0,45919049.0,False,False,275145,594.4026,2020-06-29,0.0523,14398,SP,3408,60
São Paulo,35.0,2020-06-30,202027,46289333.0,45919049.0,False,False,281380,607.87223,2020-06-30,0.0525,14763,SP,6235,365
São Paulo,35.0,2020-07-01,202027,46289333.0,45919049.0,False,False,289935,626.35381,2020-07-01,0.0518,15030,SP,8555,267
São Paulo,35.0,2020-07-02,202027,46289333.0,45919049.0,False,False,302179,652.80483,2020-07-02,0.0508,15351,SP,12244,321
São Paulo,35.0,2020-07-03,202027,46289333.0,45919049.0,False,False,310517,670.81762,2020-07-03,0.0505,15694,SP,8338,343
São Paulo,35.0,2020-07-04,202027,46289333.0,45919049.0,False,False,312530,675.16635,2020-07-04,0.0512,15996,SP,2013,302
São Paulo,35.0,2020-07-05,202028,46289333.0,45919049.0,False,False,320179,691.6906799999999,2020-07-05,0.0502,16078,SP,7649,82
São Paulo,35.0,2020-07-06,202028,46289333.0,45919049.0,False,False,323070,697.9361700000001,2020-07-06,0.0499,16134,SP,2891,56
São Paulo,35.0,2020-07-07,202028,46289333.0,45919049.0,False,False,332708,718.75739,2020-07-07,0.0495,16475,SP,9638,341
São Paulo,35.0,2020-07-08,202028,46289333.0,45919049.0,False,False,341365,737.45932,2020-07-08,0.0492,16788,SP,8657,313
São Paulo,35.0,2020-07-09,202028,46289333.0,45919049.0,False,False,349715,755.49803,2020-07-09,0.0489,17118,SP,8350,330
São Paulo,35.0,2020-07-10,202028,46289333.0,45919049.0,False,False,359110,775.79429,2020-07-10,0.0486,17442,SP,9395,324
São Paulo,35.0,2020-07-11,202028,46289333.0,45919049.0,False,False,366890,792.6016099999999,2020-07-11,0.0482,17702,SP,7780,260
São Paulo,35.0,2020-07-12,202029,46289333.0,45919049.0,False,False,371997,803.63439,2020-07-12,0.048,17848,SP,5107,146
São Paulo,35.0,2020-07-13,202029,46289333.0,45919049.0,False,False,374607,809.2728400000001,2020-07-13,0.0478,17907,SP,2610,59
São Paulo,35.0,2020-07-14,202029,46289333.0,45919049.0,False,False,386607,835.1967400000001,2020-07-14,0.0474,18324,SP,12000,417
São Paulo,35.0,2020-07-15,202029,46289333.0,45919049.0,False,False,393176,849.3879099999999,2020-07-15,0.0474,18640,SP,6569,316
São Paulo,35.0,2020-07-16,202029,46289333.0,45919049.0,False,False,402048,868.55432,2020-07-16,0.0474,19038,SP,8872,398
São Paulo,35.0,2020-07-17,202029,46289333.0,45919049.0,False,False,407415,880.1487800000001,2020-07-17,0.0476,19377,SP,5367,339
São Paulo,35.0,2020-07-18,202029,46289333.0,45919049.0,False,False,412027,890.1122,2020-07-18,0.0477,19647,SP,4612,270
São Paulo,35.0,2020-07-19,202030,46289333.0,45919049.0,False,False,415049,896.6407,2020-07-19,0.0475,19732,SP,3022,85
São Paulo,35.0,2020-07-20,202030,46289333.0,45919049.0,False,False,416434,899.63275,2020-07-20,0.0475,19788,SP,1385,56
São Paulo,35.0,2020-07-21,202030,46289333.0,45919049.0,False,False,422669,913.10238,2020-07-21,0.0477,20171,SP,6235,383
São Paulo,35.0,2020-07-22,202030,46289333.0,45919049.0,False,False,439446,949.34615,2020-07-22,0.0467,20532,SP,16777,361
São Paulo,35.0,2020-07-23,202030,46289333.0,45919049.0,False,False,452007,976.48199,2020-07-23,0.0462,20894,SP,12561,362
São Paulo,35.0,2020-07-24,202030,46289333.0,45919049.0,False,False,463218,1000.7013900000001,2020-07-24,0.0458,21206,SP,11211,312
São Paulo,35.0,2020-07-25,202030,46289333.0,45919049.0,False,False,479481,1035.83476,2020-07-25,0.0449,21517,SP,16263,311
São Paulo,35.0,2020-07-26,202031,46289333.0,45919049.0,False,False,483982,1045.5583800000002,2020-07-26,0.0446,21606,SP,4501,89
São Paulo,35.0,2020-07-27,202031,46289333.0,45919049.0,False,False,487654,1053.49109,2020-07-27,0.0444,21676,SP,3672,70
São Paulo,35.0,2020-07-28,202031,46289333.0,45919049.0,False,False,500301,1080.81272,2020-07-28,0.0441,22059,SP,12647,383
São Paulo,35.0,2020-07-29,202031,46289333.0,45919049.0,False,False,514197,1110.8326,2020-07-29,0.0435,22389,SP,13896,330
São Paulo,35.0,2020-07-30,202031,46289333.0,45919049.0,False,False,529006,1142.82485,2020-07-30,0.0429,22710,SP,14809,321
São Paulo,35.0,2020-07-31,202031,46289333.0,45919049.0,False,False,542304,1171.55285,2020-07-31,0.0424,22997,SP,13298,287
São Paulo,35.0,2020-08-01,202031,46289333.0,45919049.0,False,False,552318,1193.18634,2020-08-01,0.0421,23236,SP,10014,239
São Paulo,35.0,2020-08-02,202032,46289333.0,45919049.0,False,False,558685,1206.9411300000002,2020-08-02,0.0417,23317,SP,6367,81
São Paulo,35.0,2020-08-03,202032,46289333.0,45919049.0,False,False,560218,1210.25291,2020-08-03,0.0417,23365,SP,1533,48
São Paulo,35.0,2020-08-04,202032,46289333.0,45919049.0,False,False,575589,1243.4592699999998,2020-08-04,0.0412,23702,SP,15371,337
São Paulo,35.0,2020-08-05,202032,46289333.0,45919049.0,False,False,585265,1264.36257,2020-08-05,0.0412,24109,SP,9676,407
São Paulo,35.0,2020-08-06,202032,46289333.0,45919049.0,False,False,598670,1293.32172,2020-08-06,0.0408,24448,SP,13405,339
São Paulo,35.0,2020-08-07,202032,46289333.0,45919049.0,False,False,608379,1314.29632,2020-08-07,0.0407,24735,SP,9709,287
São Paulo,35.0,2020-08-08,202032,46289333.0,45919049.0,False,False,621731,1343.1409800000001,2020-08-08,0.0402,25016,SP,13352,281
São Paulo,35.0,2020-08-09,202033,46289333.0,45919049.0,False,False,627126,1354.79593,2020-08-09,0.04,25114,SP,5395,98
São Paulo,35.0,2020-08-10,202033,46289333.0,45919049.0,False,False,628415,1357.58059,2020-08-10,0.04,25151,SP,1289,37
São Paulo,35.0,2020-08-11,202033,46289333.0,45919049.0,False,False,639562,1381.66173,2020-08-11,0.04,25571,SP,11147,420
São Paulo,35.0,2020-08-12,202033,46289333.0,45919049.0,False,False,655181,1415.40385,2020-08-12,0.0395,25869,SP,15619,298
São Paulo,35.0,2020-08-13,202033,46289333.0,45919049.0,False,False,674455,1457.04195,2020-08-13,0.039,26324,SP,19274,455
São Paulo,35.0,2020-08-14,202033,46289333.0,45919049.0,False,False,686122,1482.24646,2020-08-14,0.0388,26613,SP,11667,289
São Paulo,35.0,2020-08-15,202033,46289333.0,45919049.0,False,False,697530,1506.89145,2020-08-15,0.0384,26780,SP,11408,167
São Paulo,35.0,2020-08-16,202034,46289333.0,45919049.0,False,False,699493,1511.1321699999999,2020-08-16,0.0384,26852,SP,1963,72
São Paulo,35.0,2020-08-17,202034,46289333.0,45919049.0,False,False,702665,1517.98472,2020-08-17,0.0383,26899,SP,3172,47
São Paulo,35.0,2020-08-18,202034,46289333.0,45919049.0,False,False,711530,1537.136,2020-08-18,0.0384,27315,SP,8865,416
São Paulo,35.0,2020-08-19,202034,46289333.0,45919049.0,False,False,721377,1558.40872,2020-08-19,0.0382,27591,SP,9847,276
São Paulo,35.0,2020-08-20,202034,46289333.0,45919049.0,False,False,730828,1578.82595,2020-08-20,0.0382,27905,SP,9451,314
São Paulo,35.0,2020-08-21,202034,46289333.0,45919049.0,False,False,735960,1589.91273,2020-08-21,0.0383,28155,SP,5132,250
São Paulo,35.0,2020-08-22,202034,46289333.0,45919049.0,False,False,749244,1618.61049,2020-08-22,0.0379,28392,SP,13284,237
São Paulo,35.0,2020-08-23,202035,46289333.0,45919049.0,False,False,754129,1629.16368,2020-08-23,0.0377,28467,SP,4885,75
São Paulo,35.0,2020-08-24,202035,46289333.0,45919049.0,False,False,756480,1634.2426,2020-08-24,0.0377,28505,SP,2351,38
São Paulo,35.0,2020-08-25,202035,46289333.0,45919049.0,False,False,765670,1654.09599,2020-08-25,0.0378,28912,SP,9190,407
São Paulo,35.0,2020-08-26,202035,46289333.0,45919049.0,False,False,776135,1676.70379,2020-08-26,0.0376,29194,SP,10465,282
São Paulo,35.0,2020-08-27,202035,46289333.0,45919049.0,False,False,784453,1694.67337,2020-08-27,0.0375,29415,SP,8318,221
São Paulo,35.0,2020-08-28,202035,46289333.0,45919049.0,False,False,796209,1720.07015,2020-08-28,0.0373,29694,SP,11756,279
São Paulo,35.0,2020-08-29,202035,46289333.0,45919049.0,False,False,801422,1731.3319199999999,2020-08-29,0.0374,29944,SP,5213,250
São Paulo,35.0,2020-08-30,202036,46289333.0,45919049.0,False,False,803404,1735.61369,2020-08-30,0.0373,29978,SP,1982,34
São Paulo,35.0,2020-08-31,202036,46289333.0,45919049.0,False,False,804342,1737.64007,2020-08-31,0.0373,30014,SP,938,36
São Paulo,35.0,2020-09-01,202036,46289333.0,45919049.0,False,False,814375,1759.3146100000001,2020-09-01,0.0373,30375,SP,10033,361
São Paulo,35.0,2020-09-02,202036,46289333.0,45919049.0,False,False,826331,1785.1434600000002,2020-09-02,0.0371,30673,SP,11956,298
São Paulo,35.0,2020-09-03,202036,46289333.0,45919049.0,False,False,837978,1810.3047600000002,2020-09-03,0.0369,30905,SP,11647,232
São Paulo,35.0,2020-09-04,202036,46289333.0,45919049.0,False,False,845016,1825.5091300000001,2020-09-04,0.0368,31091,SP,7038,186
São Paulo,35.0,2020-09-05,202036,46289333.0,45919049.0,False,False,853085,1842.9407899999999,2020-09-05,0.0367,31313,SP,8069,222
São Paulo,35.0,2020-09-06,202037,46289333.0,45919049.0,False,False,855722,1848.6375699999999,2020-09-06,0.0366,31353,SP,2637,40
São Paulo,35.0,2020-09-07,202037,46289333.0,45919049.0,False,False,857330,1852.1113699999999,2020-09-07,0.0366,31377,SP,1608,24
São Paulo,35.0,2020-09-08,202037,46289333.0,45919049.0,False,False,858783,1855.2503199999999,2020-09-08,0.0366,31430,SP,1453,53
São Paulo,35.0,2020-09-09,202037,46289333.0,45919049.0,False,False,866576,1872.0857399999998,2020-09-09,0.0367,31821,SP,7793,391
São Paulo,35.0,2020-09-10,202037,46289333.0,45919049.0,False,False,874754,1889.75287,2020-09-10,0.0367,32104,SP,8178,283
São Paulo,35.0,2020-09-11,202037,46289333.0,45919049.0,False,False,882809,1907.15429,2020-09-11,0.0366,32338,SP,8055,234
São Paulo,35.0,2020-09-12,202037,46289333.0,45919049.0,False,False,890690,1924.17981,2020-09-12,0.0366,32567,SP,7881,229
São Paulo,35.0,2020-09-13,202038,46289333.0,45919049.0,False,False,892257,1927.56504,2020-09-13,0.0365,32606,SP,1567,39
São Paulo,35.0,2020-09-14,202038,46289333.0,45919049.0,False,False,893349,1929.9241100000002,2020-09-14,0.0365,32642,SP,1092,36
São Paulo,35.0,2020-09-15,202038,46289333.0,45919049.0,False,False,901271,1947.0382100000002,2020-09-15,0.0366,32963,SP,7922,321
São Paulo,35.0,2020-09-16,202038,46289333.0,45919049.0,False,False,909428,1964.6599800000001,2020-09-16,0.0366,33253,SP,8157,290
São Paulo,35.0,2020-09-17,202038,46289333.0,45919049.0,False,False,916821,1980.63126,2020-09-17,0.0365,33472,SP,7393,219
São Paulo,35.0,2020-09-18,202038,46289333.0,45919049.0,False,False,924532,1997.28953,2020-09-18,0.0364,33678,SP,7711,206
São Paulo,35.0,2020-09-19,202038,46289333.0,45919049.0,False,False,931673,2012.7164100000002,2020-09-19,0.0364,33927,SP,7141,249
São Paulo,35.0,2020-09-20,202039,46289333.0,45919049.0,False,False,935300,2020.5519100000001,2020-09-20,0.0363,33952,SP,3627,25
São Paulo,35.0,2020-09-21,202039,46289333.0,45919049.0,False,False,937332,2024.9416899999999,2020-09-21,0.0363,33984,SP,2032,32
São Paulo,35.0,2020-09-22,202039,46289333.0,45919049.0,False,False,945422,2042.4187100000001,2020-09-22,0.0362,34266,SP,8090,282
São Paulo,35.0,2020-09-23,202039,46289333.0,45919049.0,False,False,951973,2056.571,2020-09-23,0.0362,34492,SP,6551,226
São Paulo,35.0,2020-09-24,202039,46289333.0,45919049.0,False,False,958240,2070.1097600000003,2020-09-24,0.0362,34677,SP,6267,185
São Paulo,35.0,2020-09-25,202039,46289333.0,45919049.0,False,False,964921,2084.5428899999997,2020-09-25,0.0361,34877,SP,6681,200
São Paulo,35.0,2020-09-26,202039,46289333.0,45919049.0,False,False,970888,2097.43355,2020-09-26,0.0361,35063,SP,5967,186
São Paulo,35.0,2020-09-27,202040,46289333.0,45919049.0,False,False,972237,2100.34783,2020-09-27,0.0361,35108,SP,1349,45
São Paulo,35.0,2020-09-28,202040,46289333.0,45919049.0,False,False,973142,2102.30292,2020-09-28,0.0361,35125,SP,905,17
São Paulo,35.0,2020-09-29,202040,46289333.0,45919049.0,False,False,979519,2116.07931,2020-09-29,0.0361,35391,SP,6377,266
São Paulo,35.0,2020-09-30,202040,46289333.0,45919049.0,False,False,985628,2129.27674,2020-09-30,0.0361,35622,SP,6109,231
São Paulo,35.0,2020-10-01,202040,46289333.0,45919049.0,False,False,991725,2142.4482399999997,2020-10-01,0.0361,35804,SP,6097,182
São Paulo,35.0,2020-10-02,202040,46289333.0,45919049.0,False,False,997333,2154.5633399999997,2020-10-02,0.0361,35956,SP,5608,152
São Paulo,35.0,2020-10-03,202040,46289333.0,45919049.0,False,False,1003429,2167.73268,2020-10-03,0.036,36136,SP,6096,180
São Paulo,35.0,2020-10-04,202041,46289333.0,45919049.0,False,False,1003902,2168.75452,2020-10-04,0.036,36178,SP,473,42
São Paulo,35.0,2020-10-05,202041,46289333.0,45919049.0,False,False,1004579,2170.21706,2020-10-05,0.0361,36220,SP,677,42
São Paulo,35.0,2020-10-06,202041,46289333.0,45919049.0,False,False,1010839,2183.7406899999996,2020-10-06,0.0361,36490,SP,6260,270
São Paulo,35.0,2020-10-07,202041,46289333.0,45919049.0,False,False,1016755,2196.52117,2020-10-07,0.0361,36669,SP,5916,179
São Paulo,35.0,2020-10-08,202041,46289333.0,45919049.0,False,False,1022404,2208.72485,2020-10-08,0.0361,36884,SP,5649,215
São Paulo,35.0,2020-10-09,202041,46289333.0,45919049.0,False,False,1028190,2221.22449,2020-10-09,0.0361,37068,SP,5786,184
São Paulo,35.0,2020-10-10,202041,46289333.0,45919049.0,False,False,1034816,2235.5388,2020-10-10,0.036,37223,SP,6626,155
São Paulo,35.0,2020-10-11,202042,46289333.0,45919049.0,False,False,1037660,2241.68277,2020-10-11,0.0359,37256,SP,2844,33
São Paulo,35.0,2020-10-12,202042,46289333.0,45919049.0,False,False,1038344,2243.16043,2020-10-12,0.0359,37279,SP,684,23
São Paulo,35.0,2020-10-13,202042,46289333.0,45919049.0,False,False,1039029,2244.64025,2020-10-13,0.0359,37314,SP,685,35
São Paulo,35.0,2020-10-14,202042,46289333.0,45919049.0,False,False,1045060,2257.66917,2020-10-14,0.0359,37541,SP,6031,227
São Paulo,35.0,2020-10-15,202042,46289333.0,45919049.0,False,False,1051613,2271.82578,2020-10-15,0.0358,37690,SP,6553,149
São Paulo,35.0,2020-10-16,202042,46289333.0,45919049.0,False,False,1057240,2283.98193,2020-10-16,0.0358,37870,SP,5627,180
São Paulo,35.0,2020-10-17,202042,46289333.0,45919049.0,False,False,1062634,2295.63472,2020-10-17,0.0358,37992,SP,5394,122
São Paulo,35.0,2020-10-18,202043,46289333.0,45919049.0,False,False,1063602,2297.72591,2020-10-18,0.0357,38020,SP,968,28
São Paulo,35.0,2020-10-19,202043,46289333.0,45919049.0,False,False,1064039,2298.66998,2020-10-19,0.0357,38035,SP,437,15
São Paulo,35.0,2020-10-20,202043,46289333.0,45919049.0,False,False,1068962,2309.30526,2020-10-20,0.0358,38246,SP,4923,211
São Paulo,35.0,2020-10-21,202043,46289333.0,45919049.0,False,False,1073261,2318.59249,2020-10-21,0.0358,38371,SP,4299,125
São Paulo,35.0,2020-10-22,202043,46289333.0,45919049.0,False,False,1076939,2326.53817,2020-10-22,0.0357,38482,SP,3678,111
São Paulo,35.0,2020-10-23,202043,46289333.0,45919049.0,False,False,1083641,2341.01667,2020-10-23,0.0356,38608,SP,6702,126
São Paulo,35.0,2020-10-24,202043,46289333.0,45919049.0,False,False,1089255,2353.14473,2020-10-24,0.0356,38726,SP,5614,118
São Paulo,35.0,2020-10-25,202044,46289333.0,45919049.0,False,False,1091980,2359.0316199999997,2020-10-25,0.0355,38747,SP,2725,21
São Paulo,35.0,2020-10-26,202044,46289333.0,45919049.0,False,False,1092843,2360.8959800000002,2020-10-26,0.0355,38753,SP,863,6
São Paulo,35.0,2020-10-27,202044,46289333.0,45919049.0,False,False,1098207,2372.48396,2020-10-27,0.0354,38885,SP,5364,132
São Paulo,35.0,2020-10-28,202044,46289333.0,45919049.0,False,False,1103582,2384.09571,2020-10-28,0.0353,39007,SP,5375,122
São Paulo,35.0,2020-10-29,202044,46289333.0,45919049.0,False,False,1108860,2395.4979,2020-10-29,0.0353,39119,SP,5278,112
São Paulo,35.0,2020-10-30,202044,46289333.0,45919049.0,False,False,1113788,2406.1439800000003,2020-10-30,0.0352,39255,SP,4928,136
São Paulo,35.0,2020-10-31,202044,46289333.0,45919049.0,False,False,1116127,2411.19698,2020-10-31,0.0352,39311,SP,2339,56
São Paulo,35.0,2020-11-01,202045,46289333.0,45919049.0,False,False,1117147,2413.40051,2020-11-01,0.0352,39331,SP,1020,20
São Paulo,35.0,2020-11-02,202045,46289333.0,45919049.0,False,False,1117795,2414.8004,2020-11-02,0.0352,39346,SP,648,15
São Paulo,35.0,2020-11-03,202045,46289333.0,45919049.0,False,False,1118544,2416.41849,2020-11-03,0.0352,39364,SP,749,18
São Paulo,35.0,2020-11-04,202045,46289333.0,45919049.0,False,False,1123299,2426.69083,2020-11-04,0.0352,39549,SP,4755,185
São Paulo,35.0,2020-11-05,202045,46289333.0,45919049.0,False,False,1125936,2432.38761,2020-11-05,0.0353,39717,SP,2637,168
São Paulo,35.0,2020-11-06,202045,46289333.0,45919049.0,False,True,1125936,2432.38761,2020-11-05,0.0353,39717,SP,0,0
São Paulo,35.0,2020-11-07,202045,46289333.0,45919049.0,False,True,1125936,2432.38761,2020-11-05,0.0353,39717,SP,0,0
São Paulo,35.0,2020-11-08,202046,46289333.0,45919049.0,False,True,1125936,2432.38761,2020-11-05,0.0353,39717,SP,0,0
São Paulo,35.0,2020-11-09,202046,46289333.0,45919049.0,False,True,1125936,2432.38761,2020-11-05,0.0353,39717,SP,0,0
São Paulo,35.0,2020-11-10,202046,46289333.0,45919049.0,False,False,1147451,2478.867,2020-11-10,0.0346,39717,SP,21515,0
São Paulo,35.0,2020-11-11,202046,46289333.0,45919049.0,False,False,1150872,2486.25747,2020-11-11,0.0347,39907,SP,3421,190
São Paulo,35.0,2020-11-12,202046,46289333.0,45919049.0,False,False,1156652,2498.74415,2020-11-12,0.0348,40202,SP,5780,295
São Paulo,35.0,2020-11-13,202046,46289333.0,45919049.0,False,False,1162782,2511.98694,2020-11-13,0.0346,40202,SP,6130,0
São Paulo,35.0,2020-11-14,202046,46289333.0,45919049.0,False,False,1167422,2522.01085,2020-11-14,0.0347,40549,SP,4640,347
São Paulo,35.0,2020-11-15,202047,46289333.0,45919049.0,False,False,1168640,2524.64212,2020-11-15,0.0347,40564,SP,1218,15
São Paulo,35.0,2020-11-16,202047,46289333.0,45919049.0,False,False,1169377,2526.23428,2020-11-16,0.0347,40576,SP,737,12
São Paulo,35.0,2020-11-17,202047,46289333.0,45919049.0,False,False,1178075,2545.02479,2020-11-17,0.0346,40749,SP,8698,173
São Paulo,35.0,2020-11-18,202047,46289333.0,45919049.0,False,False,1184496,2558.89624,2020-11-18,0.0346,40927,SP,6421,178
São Paulo,35.0,2020-11-19,202047,46289333.0,45919049.0,False,False,1191290,2573.57348,2020-11-19,0.0345,41074,SP,6794,147
São Paulo,35.0,2020-11-20,202047,46289333.0,45919049.0,False,False,1200348,2593.1417100000003,2020-11-20,0.0343,41179,SP,9058,105
São Paulo,35.0,2020-11-21,202047,46289333.0,45919049.0,False,False,1205435,2604.13128,2020-11-21,0.0342,41256,SP,5087,77
São Paulo,35.0,2020-11-22,202048,46289333.0,45919049.0,False,False,1209588,2613.10311,2020-11-22,0.0341,41267,SP,4153,11
São Paulo,35.0,2020-11-23,202048,46289333.0,45919049.0,False,False,1210625,2615.34337,2020-11-23,0.0341,41276,SP,1037,9
São Paulo,35.0,2020-11-24,202048,46289333.0,45919049.0,False,False,1215844,2626.6181,2020-11-24,0.0341,41455,SP,5219,179
São Paulo,35.0,2020-11-25,202048,46289333.0,45919049.0,False,False,1224744,2645.84499,2020-11-25,0.034,41601,SP,8900,146
São Paulo,35.0,2020-11-26,202048,46289333.0,45919049.0,False,False,1229267,2655.6161399999996,2020-11-26,0.034,41773,SP,4523,172
São Paulo,35.0,2020-11-27,202048,46289333.0,45919049.0,False,False,1233587,2664.94875,2020-11-27,0.034,41902,SP,4320,129
São Paulo,35.0,2020-11-28,202048,46289333.0,45919049.0,False,False,1238094,2674.6853300000002,2020-11-28,0.034,42048,SP,4507,146
São Paulo,35.0,2020-11-29,202049,46289333.0,45919049.0,False,False,1240473,2679.82474,2020-11-29,0.0339,42076,SP,2379,28
São Paulo,35.0,2020-11-30,202049,46289333.0,45919049.0,False,False,1241653,2682.37393,2020-11-30,0.0339,42095,SP,1180,19
São Paulo,35.0,2020-12-01,202049,46289333.0,45919049.0,False,False,1250590,2701.68075,2020-12-01,0.0338,42290,SP,8937,195
São Paulo,35.0,2020-12-02,202049,46289333.0,45919049.0,False,False,1259704,2721.36995,2020-12-02,0.0337,42456,SP,9114,166
São Paulo,35.0,2020-12-03,202049,46289333.0,45919049.0,False,False,1267912,2739.1019,2020-12-03,0.0336,42637,SP,8208,181
São Paulo,35.0,2020-12-04,202049,46289333.0,45919049.0,False,False,1276149,2756.8965,2020-12-04,0.0335,42788,SP,8237,151
São Paulo,35.0,2020-12-05,202049,46289333.0,45919049.0,False,False,1285087,2776.20548,2020-12-05,0.0334,42969,SP,8938,181
São Paulo,35.0,2020-12-06,202050,46289333.0,45919049.0,False,False,1287762,2781.98435,2020-12-06,0.0334,43015,SP,2675,46
São Paulo,35.0,2020-12-07,202050,46289333.0,45919049.0,False,False,1288878,2784.39527,2020-12-07,0.0334,43040,SP,1116,25
São Paulo,35.0,2020-12-08,202050,46289333.0,45919049.0,False,False,1296801,2801.51153,2020-12-08,0.0334,43282,SP,7923,242
São Paulo,35.0,2020-12-09,202050,46289333.0,45919049.0,False,False,1306585,2822.64815,2020-12-09,0.0333,43461,SP,9784,179
São Paulo,35.0,2020-12-10,202050,46289333.0,45919049.0,False,False,1316371,2843.7890899999998,2020-12-10,0.0332,43661,SP,9786,200
São Paulo,35.0,2020-12-11,202050,46289333.0,45919049.0,False,False,1325162,2862.7805,2020-12-11,0.0331,43802,SP,8791,141
São Paulo,35.0,2020-12-12,202050,46289333.0,45919049.0,False,False,1333763,2881.36146,2020-12-12,0.033,43971,SP,8601,169
São Paulo,35.0,2020-12-13,202051,46289333.0,45919049.0,False,False,1334703,2883.3921600000003,2020-12-13,0.033,44018,SP,940,47
São Paulo,35.0,2020-12-14,202051,46289333.0,45919049.0,False,False,1337016,2888.38899,2020-12-14,0.0329,44050,SP,2313,32
São Paulo,35.0,2020-12-15,202051,46289333.0,45919049.0,False,False,1341428,2897.92035,2020-12-15,0.033,44282,SP,4412,232
São Paulo,35.0,2020-12-16,202051,46289333.0,45919049.0,False,True,1341428,2897.92035,2020-12-15,0.033,44282,SP,0,0
São Paulo,35.0,2020-12-17,202051,46289333.0,45919049.0,False,False,1361731,2941.78143,2020-12-17,0.0328,44681,SP,20303,399
São Paulo,35.0,2020-12-18,202051,46289333.0,45919049.0,False,False,1371653,2963.21617,2020-12-18,0.0327,44878,SP,9922,197
São Paulo,35.0,2020-12-19,202051,46289333.0,45919049.0,False,False,1384100,2990.10573,2020-12-19,0.0325,45029,SP,12447,151
São Paulo,35.0,2020-12-20,202052,46289333.0,45919049.0,False,False,1384100,2990.10573,2020-12-20,0.0325,45029,SP,0,0
São Paulo,35.0,2020-12-21,202052,46289333.0,45919049.0,False,False,1388043,2998.62389,2020-12-21,0.0325,45136,SP,3943,107
São Paulo,35.0,2020-12-22,202052,46289333.0,45919049.0,False,False,1398757,3021.76962,2020-12-22,0.0325,45395,SP,10714,259
São Paulo,35.0,2020-12-23,202052,46289333.0,45919049.0,False,False,1409140,3044.20027,2020-12-23,0.0323,45576,SP,10383,181
São Paulo,35.0,2020-12-24,202052,46289333.0,45919049.0,False,False,1418491,3064.40147,2020-12-24,0.0323,45758,SP,9351,182
São Paulo,35.0,2020-12-25,202052,46289333.0,45919049.0,False,False,1422087,3072.17,2020-12-25,0.0322,45795,SP,3596,37
São Paulo,35.0,2020-12-26,202052,46289333.0,45919049.0,False,False,1423340,3074.8768800000003,2020-12-26,0.0322,45808,SP,1253,13
São Paulo,35.0,2020-12-27,202053,46289333.0,45919049.0,False,False,1426176,3081.00357,2020-12-27,0.0322,45863,SP,2836,55
São Paulo,35.0,2020-12-28,202053,46289333.0,45919049.0,False,False,1427752,3084.4082399999998,2020-12-28,0.0321,45902,SP,1576,39
São Paulo,35.0,2020-12-29,202053,46289333.0,45919049.0,False,False,1440229,3111.36261,2020-12-29,0.0321,46195,SP,12477,293
São Paulo,35.0,2020-12-30,202053,46289333.0,45919049.0,False,False,1452078,3136.9603,2020-12-30,0.032,46477,SP,11849,282
São Paulo,35.0,2020-12-31,202053,46289333.0,45919049.0,False,False,1462297,3159.03666,2020-12-31,0.0319,46717,SP,10219,240
São Paulo,35.0,2021-01-01,202053,46289333.0,45919049.0,False,False,1466191,3167.44897,2021-01-01,0.0319,46775,SP,3894,58
São Paulo,35.0,2021-01-02,202053,46289333.0,45919049.0,False,False,1467953,3171.2554600000003,2021-01-02,0.0319,46808,SP,1762,33
São Paulo,35.0,2021-01-03,202101,46289333.0,45919049.0,False,False,1471422,3178.7496300000003,2021-01-03,0.0318,46845,SP,3469,37
São Paulo,35.0,2021-01-04,202101,46289333.0,45919049.0,False,False,1473670,3183.6060399999997,2021-01-04,0.0318,46888,SP,2248,43
São Paulo,35.0,2021-01-05,202101,46289333.0,45919049.0,False,False,1486551,3211.43318,2021-01-05,0.0318,47222,SP,12881,334
São Paulo,35.0,2021-01-06,202101,46289333.0,45919049.0,False,False,1501085,3242.83135,2021-01-06,0.0317,47511,SP,14534,289
São Paulo,35.0,2021-01-07,202101,46289333.0,45919049.0,False,False,1515158,3273.2336,2021-01-07,0.0315,47768,SP,14073,257
São Paulo,35.0,2021-01-08,202101,46289333.0,45919049.0,False,False,1528952,3303.03312,2021-01-08,0.0314,48029,SP,13794,261
São Paulo,35.0,2021-01-09,202101,46289333.0,45919049.0,False,False,1540513,3328.00864,2021-01-09,0.0314,48298,SP,11561,269
São Paulo,35.0,2021-01-10,202102,46289333.0,45919049.0,False,False,1546132,3340.1475,2021-01-10,0.0313,48351,SP,5619,53
São Paulo,35.0,2021-01-11,202102,46289333.0,45919049.0,False,False,1549142,3346.65008,2021-01-11,0.0312,48379,SP,3010,28
São Paulo,35.0,2021-01-12,202102,46289333.0,45919049.0,False,False,1561844,3374.0905299999995,2021-01-12,0.0312,48662,SP,12702,283
São Paulo,35.0,2021-01-13,202102,46289333.0,45919049.0,False,False,1577119,3407.08949,2021-01-13,0.0311,48985,SP,15275,323
São Paulo,35.0,2021-01-14,202102,46289333.0,45919049.0,False,False,1590829,3436.70755,2021-01-14,0.031,49289,SP,13710,304
São Paulo,35.0,2021-01-15,202102,46289333.0,45919049.0,False,False,1605845,3469.1469799999995,2021-01-15,0.0309,49600,SP,15016,311
São Paulo,35.0,2021-01-16,202102,46289333.0,45919049.0,False,False,1619619,3498.9033,2021-01-16,0.0308,49885,SP,13774,285
São Paulo,35.0,2021-01-17,202103,46289333.0,45919049.0,False,False,1625339,3511.26036,2021-01-17,0.0307,49945,SP,5720,60
São Paulo,35.0,2021-01-18,202103,46289333.0,45919049.0,False,False,1628272,3517.5965899999997,2021-01-18,0.0307,49987,SP,2933,42
São Paulo,35.0,2021-01-19,202103,46289333.0,45919049.0,False,False,1644225,3552.06026,2021-01-19,0.0306,50318,SP,15953,331
São Paulo,35.0,2021-01-20,202103,46289333.0,45919049.0,False,False,1658636,3583.1927,2021-01-20,0.0305,50652,SP,14411,334
São Paulo,35.0,2021-01-21,202103,46289333.0,45919049.0,False,False,1670754,3609.37152,2021-01-21,0.0305,50938,SP,12118,286
São Paulo,35.0,2021-01-22,202103,46289333.0,45919049.0,False,False,1679759,3628.8252399999997,2021-01-22,0.0305,51192,SP,9005,254
São Paulo,35.0,2021-01-23,202103,46289333.0,45919049.0,False,False,1694355,3660.35734,2021-01-23,0.0303,51423,SP,14596,231
São Paulo,35.0,2021-01-24,202104,46289333.0,45919049.0,False,False,1699427,3671.31451,2021-01-24,0.0303,51502,SP,5072,79
São Paulo,35.0,2021-01-25,202104,46289333.0,45919049.0,False,False,1702294,3677.5081600000003,2021-01-25,0.0303,51556,SP,2867,54
São Paulo,35.0,2021-01-26,202104,46289333.0,45919049.0,False,False,1715253,3705.50381,2021-01-26,0.0302,51838,SP,12959,282
São Paulo,35.0,2021-01-27,202104,46289333.0,45919049.0,False,False,1731294,3740.15759,2021-01-27,0.0301,52170,SP,16041,332
São Paulo,35.0,2021-01-28,202104,46289333.0,45919049.0,False,False,1746070,3772.07855,2021-01-28,0.0301,52481,SP,14776,311
São Paulo,35.0,2021-01-29,202104,46289333.0,45919049.0,False,False,1759957,3802.07898,2021-01-29,0.03,52722,SP,13887,241
São Paulo,35.0,2021-01-30,202104,46289333.0,45919049.0,False,False,1773024,3830.30795,2021-01-30,0.0299,52954,SP,13067,232
São Paulo,35.0,2021-01-31,202105,46289333.0,45919049.0,False,False,1777368,3839.6924,2021-01-31,0.0298,53034,SP,4344,80
São Paulo,35.0,2021-02-01,202105,46289333.0,45919049.0,False,False,1779722,3844.7778,2021-02-01,0.0298,53090,SP,2354,56
São Paulo,35.0,2021-02-02,202105,46289333.0,45919049.0,False,False,1794019,3875.6639700000005,2021-02-02,0.0298,53455,SP,14297,365
São Paulo,35.0,2021-02-03,202105,46289333.0,45919049.0,False,False,1807009,3903.7265899999998,2021-02-03,0.0297,53704,SP,12990,249
São Paulo,35.0,2021-02-04,202105,46289333.0,45919049.0,False,False,1820941,3933.82424,2021-02-04,0.0297,53997,SP,13932,293
São Paulo,35.0,2021-02-05,202105,46289333.0,45919049.0,False,False,1833163,3960.2277299999996,2021-02-05,0.0296,54324,SP,12222,327
São Paulo,35.0,2021-02-06,202105,46289333.0,45919049.0,False,False,1845086,3985.98528,2021-02-06,0.0296,54545,SP,11923,221
São Paulo,35.0,2021-02-07,202106,46289333.0,45919049.0,False,False,1849334,3995.16234,2021-02-07,0.0295,54614,SP,4248,69
São Paulo,35.0,2021-02-08,202106,46289333.0,45919049.0,False,False,1851776,4000.43785,2021-02-08,0.0295,54663,SP,2442,49
São Paulo,35.0,2021-02-09,202106,46289333.0,45919049.0,False,False,1864977,4028.9563,2021-02-09,0.0295,55087,SP,13201,424
São Paulo,35.0,2021-02-10,202106,46289333.0,45919049.0,False,False,1878802,4058.8228,2021-02-10,0.0295,55419,SP,13825,332
São Paulo,35.0,2021-02-11,202106,46289333.0,45919049.0,False,False,1889969,4082.9471399999998,2021-02-11,0.0295,55742,SP,11167,323
São Paulo,35.0,2021-02-12,202106,46289333.0,45919049.0,False,False,1901574,4108.017720000001,2021-02-12,0.0294,55971,SP,11605,229
São Paulo,35.0,2021-02-13,202106,46289333.0,45919049.0,False,False,1911411,4129.26883,2021-02-13,0.0294,56191,SP,9837,220
São Paulo,35.0,2021-02-14,202107,46289333.0,45919049.0,False,False,1913598,4133.993460000001,2021-02-14,0.0294,56266,SP,2187,75
São Paulo,35.0,2021-02-15,202107,46289333.0,45919049.0,False,False,1915914,4138.996770000001,2021-02-15,0.0294,56304,SP,2316,38
São Paulo,35.0,2021-02-16,202107,46289333.0,45919049.0,False,False,1927410,4163.83187,2021-02-16,0.0294,56702,SP,11496,398
São Paulo,35.0,2021-02-17,202107,46289333.0,45919049.0,False,False,1938712,4188.24786,2021-02-17,0.0294,56960,SP,11302,258
São Paulo,35.0,2021-02-18,202107,46289333.0,45919049.0,False,False,1949459,4211.464870000001,2021-02-18,0.0294,57240,SP,10747,280
São Paulo,35.0,2021-02-19,202107,46289333.0,45919049.0,False,False,1960564,4235.45528,2021-02-19,0.0293,57499,SP,11105,259
São Paulo,35.0,2021-02-20,202107,46289333.0,45919049.0,False,False,1971423,4258.91425,2021-02-20,0.0293,57743,SP,10859,244
São Paulo,35.0,2021-02-21,202108,46289333.0,45919049.0,False,False,1975927,4268.64435,2021-02-21,0.0293,57799,SP,4504,56
São Paulo,35.0,2021-02-22,202108,46289333.0,45919049.0,False,False,1978477,4274.153179999999,2021-02-22,0.0292,57842,SP,2550,43
São Paulo,35.0,2021-02-23,202108,46289333.0,45919049.0,False,False,1990554,4300.2434299999995,2021-02-23,0.0292,58199,SP,12077,357
São Paulo,35.0,2021-02-24,202108,46289333.0,45919049.0,False,False,2002640,4326.35311,2021-02-24,0.0292,58528,SP,12086,329
São Paulo,35.0,2021-02-25,202108,46289333.0,45919049.0,False,False,2014529,4352.03722,2021-02-25,0.0292,58873,SP,11889,345
São Paulo,35.0,2021-02-26,202108,46289333.0,45919049.0,False,False,2026125,4377.08835,2021-02-26,0.0292,59129,SP,11596,256
São Paulo,35.0,2021-02-27,202108,46289333.0,45919049.0,False,False,2037267,4401.15869,2021-02-27,0.0292,59428,SP,11142,299
São Paulo,35.0,2021-02-28,202109,46289333.0,45919049.0,False,False,2041628,4410.57986,2021-02-28,0.0291,59493,SP,4361,65
São Paulo,35.0,2021-03-01,202109,46289333.0,45919049.0,False,False,2044699,4417.214220000001,2021-03-01,0.0291,59546,SP,3071,53
São Paulo,35.0,2021-03-02,202109,46289333.0,45919049.0,False,False,2054867,4439.1804,2021-03-02,0.0292,60014,SP,10168,468
São Paulo,35.0,2021-03-03,202109,46289333.0,45919049.0,False,False,2068616,4468.88271,2021-03-03,0.0292,60381,SP,13749,367
São Paulo,35.0,2021-03-04,202109,46289333.0,45919049.0,False,False,2080852,4495.31645,2021-03-04,0.0292,60694,SP,12236,313
São Paulo,35.0,2021-03-05,202109,46289333.0,45919049.0,False,False,2093924,4523.55622,2021-03-05,0.0292,61064,SP,13072,370
São Paulo,35.0,2021-03-06,202109,46289333.0,45919049.0,False,False,2107687,4553.28877,2021-03-06,0.0291,61417,SP,13763,353
São Paulo,35.0,2021-03-07,202110,46289333.0,45919049.0,False,False,2113738,4566.36089,2021-03-07,0.0291,61463,SP,6051,46
São Paulo,35.0,2021-03-08,202110,46289333.0,45919049.0,False,False,2117962,4575.48611,2021-03-08,0.0291,61584,SP,4224,121
São Paulo,35.0,2021-03-09,202110,46289333.0,45919049.0,False,False,2134020,4610.1766,2021-03-09,0.0291,62101,SP,16058,517
São Paulo,35.0,2021-03-10,202110,46289333.0,45919049.0,False,False,2149561,4643.75021,2021-03-10,0.0291,62570,SP,15541,469
São Paulo,35.0,2021-03-11,202110,46289333.0,45919049.0,False,False,2164066,4675.08573,2021-03-11,0.0291,63010,SP,14505,440
São Paulo,35.0,2021-03-12,202110,46289333.0,45919049.0,False,False,2179786,4709.0460299999995,2021-03-12,0.0291,63531,SP,15720,521
São Paulo,35.0,2021-03-13,202110,46289333.0,45919049.0,False,False,2195130,4742.19406,2021-03-13,0.0291,63965,SP,15344,434
São Paulo,35.0,2021-03-14,202111,46289333.0,45919049.0,False,False,2202983,4759.15909,2021-03-14,0.0291,64123,SP,7853,158
São Paulo,35.0,2021-03-15,202111,46289333.0,45919049.0,False,False,2208242,4770.52024,2021-03-15,0.0291,64223,SP,5259,100
São Paulo,35.0,2021-03-16,202111,46289333.0,45919049.0,False,False,2225926,4808.72343,2021-03-16,0.0292,64902,SP,17684,679
São Paulo,35.0,2021-03-17,202111,46289333.0,45919049.0,False,False,2243868,4847.48398,2021-03-17,0.0292,65519,SP,17942,617
São Paulo,35.0,2021-03-18,202111,46289333.0,45919049.0,False,False,2261360,4885.272379999999,2021-03-18,0.0293,66178,SP,17492,659
São Paulo,35.0,2021-03-19,202111,46289333.0,45919049.0,False,False,2280033,4925.6121299999995,2021-03-19,0.0293,66798,SP,18673,620
São Paulo,35.0,2021-03-20,202111,46289333.0,45919049.0,False,False,2298061,4964.55847,2021-03-20,0.0293,67414,SP,18028,616
São Paulo,35.0,2021-03-21,202112,46289333.0,45919049.0,False,False,2306326,4982.41355,2021-03-21,0.0293,67558,SP,8265,144
São Paulo,35.0,2021-03-22,202112,46289333.0,45919049.0,False,False,2311101,4992.7291,2021-03-22,0.0293,67602,SP,4775,44
São Paulo,35.0,2021-03-23,202112,46289333.0,45919049.0,False,False,2332043,5037.97063,2021-03-23,0.0294,68623,SP,20942,1021
São Paulo,35.0,2021-03-24,202112,46289333.0,45919049.0,False,False,2352438,5082.03045,2021-03-24,0.0293,68904,SP,20395,281
São Paulo,35.0,2021-03-25,202112,46289333.0,45919049.0,False,False,2370885,5121.88197,2021-03-25,0.0293,69503,SP,18447,599
São Paulo,35.0,2021-03-26,202112,46289333.0,45919049.0,False,False,2392374,5168.30519,2021-03-26,0.0296,70696,SP,21489,1193
São Paulo,35.0,2021-03-27,202112,46289333.0,45919049.0,False,False,2410498,5207.45892,2021-03-27,0.0298,71747,SP,18124,1051
São Paulo,35.0,2021-03-28,202113,46289333.0,45919049.0,False,False,2420100,5228.20236,2021-03-28,0.0297,71991,SP,9602,244
São Paulo,35.0,2021-03-29,202113,46289333.0,45919049.0,False,False,2425320,5239.47926,2021-03-29,0.0298,72283,SP,5220,292
São Paulo,35.0,2021-03-30,202113,46289333.0,45919049.0,False,False,2446680,5285.6238,2021-03-30,0.03,73492,SP,21360,1209
São Paulo,35.0,2021-03-31,202113,46289333.0,45919049.0,False,False,2469849,5335.67636,2021-03-31,0.0302,74652,SP,23169,1160
São Paulo,35.0,2021-04-01,202113,46289333.0,45919049.0,False,False,2496416,5393.06972,2021-04-01,0.0303,75734,SP,26567,1082
São Paulo,35.0,2021-04-02,202113,46289333.0,45919049.0,False,False,2513178,5429.28108,2021-04-02,0.0305,76552,SP,16762,818
São Paulo,35.0,2021-04-03,202113,46289333.0,45919049.0,False,False,2520204,5444.45953,2021-04-03,0.0305,76750,SP,7026,198
São Paulo,35.0,2021-04-04,202114,46289333.0,45919049.0,False,False,2527400,5460.00522,2021-04-04,0.0305,77020,SP,7196,270
São Paulo,35.0,2021-04-05,202114,46289333.0,45919049.0,False,False,2532047,5470.04425,2021-04-05,0.0305,77165,SP,4647,145
São Paulo,35.0,2021-04-06,202114,46289333.0,45919049.0,False,False,2554841,5519.2867,2021-04-06,0.0307,78554,SP,22794,1389
São Paulo,35.0,2021-04-07,202114,46289333.0,45919049.0,False,False,2576362,5565.77905,2021-04-07,0.0308,79443,SP,21521,889
São Paulo,35.0,2021-04-08,202114,46289333.0,45919049.0,False,False,2597366,5611.15452,2021-04-08,0.0311,80742,SP,21004,1299
São Paulo,35.0,2021-04-09,202114,46289333.0,45919049.0,False,False,2618067,5655.8754,2021-04-09,0.0312,81750,SP,20701,1008
São Paulo,35.0,2021-04-10,202114,46289333.0,45919049.0,False,False,2635378,5693.27279,2021-04-10,0.0313,82407,SP,17311,657
São Paulo,35.0,2021-04-11,202115,46289333.0,45919049.0,False,False,2643534,5710.8924,2021-04-11,0.0314,82917,SP,8156,510
São Paulo,35.0,2021-04-12,202115,46289333.0,45919049.0,False,False,2648844,5722.36372,2021-04-12,0.0314,83098,SP,5310,181
São Paulo,35.0,2021-04-13,202115,46289333.0,45919049.0,False,False,2667241,5762.10722,2021-04-13,0.0316,84380,SP,18397,1282
São Paulo,35.0,2021-04-14,202115,46289333.0,45919049.0,False,False,2686031,5802.699729999999,2021-04-14,0.0318,85475,SP,18790,1095
São Paulo,35.0,2021-04-15,202115,46289333.0,45919049.0,False,False,2704098,5841.730320000001,2021-04-15,0.032,86535,SP,18067,1060
São Paulo,35.0,2021-04-16,202115,46289333.0,45919049.0,False,False,2722077,5880.5708,2021-04-16,0.0321,87326,SP,17979,791
São Paulo,35.0,2021-04-17,202115,46289333.0,45919049.0,False,False,2739823,5918.907929999999,2021-04-17,0.0322,88097,SP,17746,771
São Paulo,35.0,2021-04-18,202116,46289333.0,45919049.0,False,False,2746217,5932.721039999999,2021-04-18,0.0322,88350,SP,6394,253
São Paulo,35.0,2021-04-19,202116,46289333.0,45919049.0,False,False,2750300,5941.54165,2021-04-19,0.0322,88528,SP,4083,178
São Paulo,35.0,2021-04-20,202116,46289333.0,45919049.0,False,False,2769360,5982.717439999999,2021-04-20,0.0324,89650,SP,19060,1122
São Paulo,35.0,2021-04-21,202116,46289333.0,45919049.0,False,False,2786483,6019.7086899999995,2021-04-21,0.0325,90627,SP,17123,977
São Paulo,35.0,2021-04-22,202116,46289333.0,45919049.0,False,False,2793750,6035.407770000001,2021-04-22,0.0325,90810,SP,7267,183
São Paulo,35.0,2021-04-23,202116,46289333.0,45919049.0,False,False,2811562,6073.887479999999,2021-04-23,0.0326,91673,SP,17812,863
São Paulo,35.0,2021-04-24,202116,46289333.0,45919049.0,False,False,2827833,6109.03812,2021-04-24,0.0327,92548,SP,16271,875
São Paulo,35.0,2021-04-25,202117,46289333.0,45919049.0,False,False,2834321,6123.05431,2021-04-25,0.0327,92693,SP,6488,145
São Paulo,35.0,2021-04-26,202117,46289333.0,45919049.0,False,False,2838233,6131.5055,2021-04-26,0.0327,92798,SP,3912,105
São Paulo,35.0,2021-04-27,202117,46289333.0,45919049.0,False,False,2856225,6170.37407,2021-04-27,0.0329,93842,SP,17992,1044
São Paulo,35.0,2021-04-28,202117,46289333.0,45919049.0,False,False,2873238,6207.12768,2021-04-28,0.0329,94656,SP,17013,814
São Paulo,35.0,2021-04-29,202117,46289333.0,45919049.0,False,False,2888158,6239.35972,2021-04-29,0.0331,95532,SP,14920,876
São Paulo,35.0,2021-04-30,202117,46289333.0,45919049.0,False,False,2903709,6272.95494,2021-04-30,0.0331,96191,SP,15551,659
São Paulo,35.0,2021-05-01,202117,46289333.0,45919049.0,False,False,2918044,6303.9232,2021-05-01,0.0332,96941,SP,14335,750
São Paulo,35.0,2021-05-02,202118,46289333.0,45919049.0,False,False,2923367,6315.4226100000005,2021-05-02,0.0332,97058,SP,5323,117
São Paulo,35.0,2021-05-03,202118,46289333.0,45919049.0,False,False,2926516,6322.22547,2021-05-03,0.0332,97172,SP,3149,114
São Paulo,35.0,2021-05-04,202118,46289333.0,45919049.0,False,False,2941980,6355.632729999999,2021-05-04,0.0333,98021,SP,15464,849
São Paulo,35.0,2021-05-05,202118,46289333.0,45919049.0,False,False,2956210,6386.37416,2021-05-05,0.0334,98710,SP,14230,689
São Paulo,35.0,2021-05-06,202118,46289333.0,45919049.0,False,False,2969680,6415.47373,2021-05-06,0.0335,99406,SP,13470,696
São Paulo,35.0,2021-05-07,202118,46289333.0,45919049.0,False,False,2984182,6446.80277,2021-05-07,0.0335,99989,SP,14502,583
São Paulo,35.0,2021-05-08,202118,46289333.0,45919049.0,False,False,2997282,6475.1030200000005,2021-05-08,0.0336,100649,SP,13100,660
São Paulo,35.0,2021-05-09,202119,46289333.0,45919049.0,False,False,3003067,6487.6005,2021-05-09,0.0336,100799,SP,5785,150
São Paulo,35.0,2021-05-10,202119,46289333.0,45919049.0,False,False,3006250,6494.47682,2021-05-10,0.0335,100854,SP,3183,55
São Paulo,35.0,2021-05-11,202119,46289333.0,45919049.0,False,False,3022568,6529.729,2021-05-11,0.0336,101660,SP,16318,806
São Paulo,35.0,2021-05-12,202119,46289333.0,45919049.0,False,False,3038240,6563.58561,2021-05-12,0.0337,102356,SP,15672,696
São Paulo,35.0,2021-05-13,202119,46289333.0,45919049.0,False,False,3053889,6597.39254,2021-05-13,0.0337,102934,SP,15649,578
São Paulo,35.0,2021-05-14,202119,46289333.0,45919049.0,False,False,3069804,6631.77411,2021-05-14,0.0337,103493,SP,15915,559
São Paulo,35.0,2021-05-15,202119,46289333.0,45919049.0,False,False,3085290,6665.2289,2021-05-15,0.0337,103995,SP,15486,502
São Paulo,35.0,2021-05-16,202120,46289333.0,45919049.0,False,False,3092844,6681.54799,2021-05-16,0.0337,104219,SP,7554,224
São Paulo,35.0,2021-05-17,202120,46289333.0,45919049.0,False,False,3096845,6690.19145,2021-05-17,0.0337,104295,SP,4001,76
São Paulo,35.0,2021-05-18,202120,46289333.0,45919049.0,False,False,3112624,6724.27922,2021-05-18,0.0338,105105,SP,15779,810
São Paulo,35.0,2021-05-19,202120,46289333.0,45919049.0,False,False,3129412,6760.54675,2021-05-19,0.0338,105852,SP,16788,747
São Paulo,35.0,2021-05-20,202120,46289333.0,45919049.0,False,False,3147348,6799.29434,2021-05-20,0.0338,106437,SP,17936,585
São Paulo,35.0,2021-05-21,202120,46289333.0,45919049.0,False,False,3163859,6834.963470000001,2021-05-21,0.0338,107017,SP,16511,580
São Paulo,35.0,2021-05-22,202120,46289333.0,45919049.0,False,False,3180595,6871.118670000001,2021-05-22,0.0338,107497,SP,16736,480
São Paulo,35.0,2021-05-23,202121,46289333.0,45919049.0,False,False,3188105,6887.342709999999,2021-05-23,0.0338,107614,SP,7510,117
São Paulo,35.0,2021-05-24,202121,46289333.0,45919049.0,False,False,3192727,6897.32773,2021-05-24,0.0337,107677,SP,4622,63
São Paulo,35.0,2021-05-25,202121,46289333.0,45919049.0,False,False,3210204,6935.083729999999,2021-05-25,0.0338,108575,SP,17477,898
São Paulo,35.0,2021-05-26,202121,46289333.0,45919049.0,False,False,3226875,6971.0985,2021-05-26,0.0339,109241,SP,16671,666
São Paulo,35.0,2021-05-27,202121,46289333.0,45919049.0,False,False,3239657,6998.71178,2021-05-27,0.0339,109850,SP,12782,609
São Paulo,35.0,2021-05-28,202121,46289333.0,45919049.0,False,False,3241240,7002.1315700000005,2021-05-28,0.0341,110553,SP,1583,703
São Paulo,35.0,2021-05-29,202121,46289333.0,45919049.0,False,False,3254893,7031.626490000001,2021-05-29,0.0341,111123,SP,13653,570
São Paulo,35.0,2021-05-30,202122,46289333.0,45919049.0,False,False,3265930,7055.4699900000005,2021-05-30,0.0341,111304,SP,11037,181
São Paulo,35.0,2021-05-31,202122,46289333.0,45919049.0,False,False,3272043,7068.67606,2021-05-31,0.034,111374,SP,6113,70
São Paulo,35.0,2021-06-01,202122,46289333.0,45919049.0,False,False,3291509,7110.728940000001,2021-06-01,0.0341,112210,SP,19466,836
São Paulo,35.0,2021-06-02,202122,46289333.0,45919049.0,False,False,3314631,7160.67998,2021-06-02,0.0341,112927,SP,23122,717
São Paulo,35.0,2021-06-03,202122,46289333.0,45919049.0,False,False,3334364,7203.309670000001,2021-06-03,0.034,113441,SP,19733,514
São Paulo,35.0,2021-06-04,202122,46289333.0,45919049.0,False,False,3338262,7211.73062,2021-06-04,0.034,113474,SP,3898,33
São Paulo,35.0,2021-06-05,202122,46289333.0,45919049.0,False,False,3355201,7248.32436,2021-06-05,0.034,114192,SP,16939,718
São Paulo,35.0,2021-06-06,202123,46289333.0,45919049.0,False,False,3365160,7269.839040000001,2021-06-06,0.034,114404,SP,9959,212
São Paulo,35.0,2021-06-07,202123,46289333.0,45919049.0,False,False,3370234,7280.800520000001,2021-06-07,0.034,114542,SP,5074,138
São Paulo,35.0,2021-06-08,202123,46289333.0,45919049.0,False,False,3378256,7298.13065,2021-06-08,0.0341,115309,SP,8022,767
São Paulo,35.0,2021-06-09,202123,46289333.0,45919049.0,False,False,3382448,7307.186729999999,2021-06-09,0.0343,115960,SP,4192,651
São Paulo,35.0,2021-06-10,202123,46289333.0,45919049.0,False,False,3405481,7356.9455,2021-06-10,0.0343,116693,SP,23033,733
São Paulo,35.0,2021-06-11,202123,46289333.0,45919049.0,False,False,3428356,7406.362929999999,2021-06-11,0.0342,117344,SP,22875,651
São Paulo,35.0,2021-06-12,202123,46289333.0,45919049.0,False,False,3449577,7452.207190000001,2021-06-12,0.0342,117887,SP,21221,543
São Paulo,35.0,2021-06-13,202124,46289333.0,45919049.0,False,False,3458849,7472.23772,2021-06-13,0.0342,118121,SP,9272,234
São Paulo,35.0,2021-06-14,202124,46289333.0,45919049.0,False,False,3464158,7483.70688,2021-06-14,0.0341,118213,SP,5309,92
São Paulo,35.0,2021-06-15,202124,46289333.0,45919049.0,False,False,3487385,7533.88475,2021-06-15,0.0342,119110,SP,23227,897
São Paulo,35.0,2021-06-16,202124,46289333.0,45919049.0,False,False,3509967,7582.669209999999,2021-06-16,0.0342,119905,SP,22582,795
São Paulo,35.0,2021-06-17,202124,46289333.0,45919049.0,False,False,3525021,7615.190740000001,2021-06-17,0.0342,120524,SP,15054,619
São Paulo,35.0,2021-06-18,202124,46289333.0,45919049.0,False,False,3552727,7675.0447,2021-06-18,0.0341,121238,SP,27706,714
São Paulo,35.0,2021-06-19,202124,46289333.0,45919049.0,False,False,3573210,7719.294640000001,2021-06-19,0.0341,121960,SP,20483,722
São Paulo,35.0,2021-06-20,202125,46289333.0,45919049.0,False,False,3582792,7739.99487,2021-06-20,0.0341,122160,SP,9582,200
São Paulo,35.0,2021-06-21,202125,46289333.0,45919049.0,False,False,3587646,7750.48109,2021-06-21,0.0341,122258,SP,4854,98
São Paulo,35.0,2021-06-22,202125,46289333.0,45919049.0,False,False,3610743,7800.37811,2021-06-22,0.0341,123101,SP,23097,843
São Paulo,35.0,2021-06-23,202125,46289333.0,45919049.0,False,False,3630251,7842.5217299999995,2021-06-23,0.0341,123825,SP,19508,724
São Paulo,35.0,2021-06-24,202125,46289333.0,45919049.0,False,False,3648202,7881.30172,2021-06-24,0.0342,124606,SP,17951,781
São Paulo,35.0,2021-06-25,202125,46289333.0,45919049.0,False,False,3669196,7926.65559,2021-06-25,0.0342,125378,SP,20994,772
São Paulo,35.0,2021-06-26,202125,46289333.0,45919049.0,False,False,3688128,7967.554859999999,2021-06-26,0.0341,125916,SP,18932,538
São Paulo,35.0,2021-06-27,202126,46289333.0,45919049.0,False,False,3696093,7984.76185,2021-06-27,0.0341,126050,SP,7965,134
São Paulo,35.0,2021-06-28,202126,46289333.0,45919049.0,True,False,3700378,7994.018840000001,2021-06-28,0.0341,126112,SP,4285,62
