cidade,codigo_cidade,data,semana_epidem,populacao,populacao_2019,is_last,is_repeated,casos_confirmados,casos_por_100k_habitantes,data_atualizacao,taxa_mortalidade,obitos,estado,casos_novos,obitos_novos
Santo André,3547809.0,2020-03-16,202012,721368.0,718773.0,False,False,1,0.13863,2020-03-16,0.0,0,SP,1,0
Santo André,3547809.0,2020-03-17,202012,721368.0,718773.0,False,False,1,0.13863,2020-03-17,0.0,0,SP,0,0
Santo André,3547809.0,2020-03-18,202012,721368.0,718773.0,False,False,6,0.83175,2020-03-18,0.0,0,SP,5,0
Santo André,3547809.0,2020-03-19,202012,721368.0,718773.0,False,False,2,0.27725,2020-03-19,0.0,0,SP,-4,0
Santo André,3547809.0,2020-03-20,202012,721368.0,718773.0,False,False,3,0.41588,2020-03-20,0.0,0,SP,1,0
Santo André,3547809.0,2020-03-21,202012,721368.0,718773.0,False,True,3,0.41588,2020-03-20,0.0,0,SP,0,0
Santo André,3547809.0,2020-03-22,202013,721368.0,718773.0,False,True,3,0.41588,2020-03-20,0.0,0,SP,0,0
Santo André,3547809.0,2020-03-23,202013,721368.0,718773.0,False,True,3,0.41588,2020-03-20,0.0,0,SP,0,0
Santo André,3547809.0,2020-03-24,202013,721368.0,718773.0,False,True,3,0.41588,2020-03-20,0.0,0,SP,0,0
Santo André,3547809.0,2020-03-25,202013,721368.0,718773.0,False,False,17,2.35663,2020-03-25,0.0,0,SP,14,0
Santo André,3547809.0,2020-03-26,202013,721368.0,718773.0,False,False,16,2.21801,2020-03-26,0.0,0,SP,-1,0
Santo André,3547809.0,2020-03-27,202013,721368.0,718773.0,False,False,17,2.35663,2020-03-27,0.0,0,SP,1,0
Santo André,3547809.0,2020-03-28,202013,721368.0,718773.0,False,True,17,2.35663,2020-03-27,0.0,0,SP,0,0
Santo André,3547809.0,2020-03-29,202014,721368.0,718773.0,False,True,17,2.35663,2020-03-27,0.0,0,SP,0,0
Santo André,3547809.0,2020-03-30,202014,721368.0,718773.0,False,False,40,5.54502,2020-03-30,0.0,0,SP,23,0
Santo André,3547809.0,2020-03-31,202014,721368.0,718773.0,False,False,48,6.65402,2020-03-31,0.0208,1,SP,8,1
Santo André,3547809.0,2020-04-01,202014,721368.0,718773.0,False,False,51,7.0699,2020-04-01,0.0392,2,SP,3,1
Santo André,3547809.0,2020-04-02,202014,721368.0,718773.0,False,False,59,8.1789,2020-04-02,0.0339,2,SP,8,0
Santo André,3547809.0,2020-04-03,202014,721368.0,718773.0,False,False,70,9.70379,2020-04-03,0.0286,2,SP,11,0
Santo André,3547809.0,2020-04-04,202014,721368.0,718773.0,False,False,76,10.53554,2020-04-04,0.0395,3,SP,6,1
Santo André,3547809.0,2020-04-05,202015,721368.0,718773.0,False,False,72,9.98104,2020-04-05,0.0417,3,SP,-4,0
Santo André,3547809.0,2020-04-06,202015,721368.0,718773.0,False,False,74,10.258289999999999,2020-04-06,0.0405,3,SP,2,0
Santo André,3547809.0,2020-04-07,202015,721368.0,718773.0,False,False,98,13.5853,2020-04-07,0.0306,3,SP,24,0
Santo André,3547809.0,2020-04-08,202015,721368.0,718773.0,False,False,113,15.664679999999999,2020-04-08,0.0265,3,SP,15,0
Santo André,3547809.0,2020-04-09,202015,721368.0,718773.0,False,False,130,18.021320000000003,2020-04-09,0.0231,3,SP,17,0
Santo André,3547809.0,2020-04-10,202015,721368.0,718773.0,False,False,139,19.26894,2020-04-10,0.0216,3,SP,9,0
Santo André,3547809.0,2020-04-11,202015,721368.0,718773.0,False,False,142,19.684820000000002,2020-04-11,0.0211,3,SP,3,0
Santo André,3547809.0,2020-04-12,202016,721368.0,718773.0,False,False,147,20.37795,2020-04-12,0.0204,3,SP,5,0
Santo André,3547809.0,2020-04-13,202016,721368.0,718773.0,False,False,150,20.79383,2020-04-13,0.0267,4,SP,3,1
Santo André,3547809.0,2020-04-14,202016,721368.0,718773.0,False,False,160,22.18008,2020-04-14,0.025,4,SP,10,0
Santo André,3547809.0,2020-04-15,202016,721368.0,718773.0,False,False,186,25.78434,2020-04-15,0.0323,6,SP,26,2
Santo André,3547809.0,2020-04-16,202016,721368.0,718773.0,False,False,205,28.418229999999998,2020-04-16,0.0341,7,SP,19,1
Santo André,3547809.0,2020-04-17,202016,721368.0,718773.0,False,False,222,30.774859999999997,2020-04-17,0.045,10,SP,17,3
Santo André,3547809.0,2020-04-18,202016,721368.0,718773.0,False,False,236,32.71562,2020-04-18,0.0508,12,SP,14,2
Santo André,3547809.0,2020-04-19,202017,721368.0,718773.0,False,False,247,34.2405,2020-04-19,0.0486,12,SP,11,0
Santo André,3547809.0,2020-04-20,202017,721368.0,718773.0,False,False,257,35.62675,2020-04-20,0.0467,12,SP,10,0
Santo André,3547809.0,2020-04-21,202017,721368.0,718773.0,False,False,270,37.42889,2020-04-21,0.0519,14,SP,13,2
Santo André,3547809.0,2020-04-22,202017,721368.0,718773.0,False,False,275,38.122009999999996,2020-04-22,0.0509,14,SP,5,0
Santo André,3547809.0,2020-04-23,202017,721368.0,718773.0,False,False,286,39.64689,2020-04-23,0.0524,15,SP,11,1
Santo André,3547809.0,2020-04-24,202017,721368.0,718773.0,False,False,296,41.03315,2020-04-24,0.0574,17,SP,10,2
Santo André,3547809.0,2020-04-25,202017,721368.0,718773.0,False,False,339,46.994040000000005,2020-04-25,0.0531,18,SP,43,1
Santo André,3547809.0,2020-04-26,202018,721368.0,718773.0,False,False,344,47.68717,2020-04-26,0.0523,18,SP,5,0
Santo André,3547809.0,2020-04-27,202018,721368.0,718773.0,False,False,378,52.40044,2020-04-27,0.0529,20,SP,34,2
Santo André,3547809.0,2020-04-28,202018,721368.0,718773.0,False,False,420,58.22271,2020-04-28,0.0548,23,SP,42,3
Santo André,3547809.0,2020-04-29,202018,721368.0,718773.0,False,False,468,64.87673000000001,2020-04-29,0.062,29,SP,48,6
Santo André,3547809.0,2020-04-30,202018,721368.0,718773.0,False,False,519,71.94663,2020-04-30,0.0559,29,SP,51,0
Santo André,3547809.0,2020-05-01,202018,721368.0,718773.0,False,False,565,78.32341,2020-05-01,0.0602,34,SP,46,5
Santo André,3547809.0,2020-05-02,202018,721368.0,718773.0,False,False,578,80.12554,2020-05-02,0.0606,35,SP,13,1
Santo André,3547809.0,2020-05-03,202019,721368.0,718773.0,False,False,580,80.40279,2020-05-03,0.0603,35,SP,2,0
Santo André,3547809.0,2020-05-04,202019,721368.0,718773.0,False,False,586,81.23454,2020-05-04,0.0614,36,SP,6,1
Santo André,3547809.0,2020-05-05,202019,721368.0,718773.0,False,False,624,86.50231,2020-05-05,0.0641,40,SP,38,4
Santo André,3547809.0,2020-05-06,202019,721368.0,718773.0,False,False,759,105.21675,2020-05-06,0.058,44,SP,135,4
Santo André,3547809.0,2020-05-07,202019,721368.0,718773.0,False,False,803,111.31628,2020-05-07,0.0548,44,SP,44,0
Santo André,3547809.0,2020-05-08,202019,721368.0,718773.0,False,False,836,115.89092,2020-05-08,0.0538,45,SP,33,1
Santo André,3547809.0,2020-05-09,202019,721368.0,718773.0,False,False,884,122.54494,2020-05-09,0.0543,48,SP,48,3
Santo André,3547809.0,2020-05-10,202020,721368.0,718773.0,False,False,925,128.22859,2020-05-10,0.053,49,SP,41,1
Santo André,3547809.0,2020-05-11,202020,721368.0,718773.0,False,False,929,128.78309,2020-05-11,0.0527,49,SP,4,0
Santo André,3547809.0,2020-05-12,202020,721368.0,718773.0,False,False,964,133.63498,2020-05-12,0.0529,51,SP,35,2
Santo André,3547809.0,2020-05-13,202020,721368.0,718773.0,False,False,1048,145.27952,2020-05-13,0.0515,54,SP,84,3
Santo André,3547809.0,2020-05-14,202020,721368.0,718773.0,False,False,1152,159.69658,2020-05-14,0.0503,58,SP,104,4
Santo André,3547809.0,2020-05-15,202020,721368.0,718773.0,False,False,1224,169.67761000000002,2020-05-15,0.0531,65,SP,72,7
Santo André,3547809.0,2020-05-16,202020,721368.0,718773.0,False,False,1286,178.27239,2020-05-16,0.0521,67,SP,62,2
Santo André,3547809.0,2020-05-17,202021,721368.0,718773.0,False,False,1296,179.65865,2020-05-17,0.0525,68,SP,10,1
Santo André,3547809.0,2020-05-18,202021,721368.0,718773.0,False,False,1310,181.59941,2020-05-18,0.0519,68,SP,14,0
Santo André,3547809.0,2020-05-19,202021,721368.0,718773.0,False,False,1369,189.77831,2020-05-19,0.057,78,SP,59,10
Santo André,3547809.0,2020-05-20,202021,721368.0,718773.0,False,False,1513,209.74038,2020-05-20,0.0608,92,SP,144,14
Santo André,3547809.0,2020-05-21,202021,721368.0,718773.0,False,False,1634,226.51407000000003,2020-05-21,0.06,98,SP,121,6
Santo André,3547809.0,2020-05-22,202021,721368.0,718773.0,False,False,1718,238.15861,2020-05-22,0.0605,104,SP,84,6
Santo André,3547809.0,2020-05-23,202021,721368.0,718773.0,False,False,1822,252.57566,2020-05-23,0.0582,106,SP,104,2
Santo André,3547809.0,2020-05-24,202022,721368.0,718773.0,False,False,1846,255.90267000000003,2020-05-24,0.0596,110,SP,24,4
Santo André,3547809.0,2020-05-25,202022,721368.0,718773.0,False,False,1855,257.1503,2020-05-25,0.0593,110,SP,9,0
Santo André,3547809.0,2020-05-26,202022,721368.0,718773.0,False,False,1888,261.72494,2020-05-26,0.0588,111,SP,33,1
Santo André,3547809.0,2020-05-27,202022,721368.0,718773.0,False,False,1957,271.2901,2020-05-27,0.0588,115,SP,69,4
Santo André,3547809.0,2020-05-28,202022,721368.0,718773.0,False,False,2097,290.69767,2020-05-28,0.0567,119,SP,140,4
Santo André,3547809.0,2020-05-29,202022,721368.0,718773.0,False,False,2223,308.16449,2020-05-29,0.058,129,SP,126,10
Santo André,3547809.0,2020-05-30,202022,721368.0,718773.0,False,False,2330,322.99742000000003,2020-05-30,0.0558,130,SP,107,1
Santo André,3547809.0,2020-05-31,202023,721368.0,718773.0,False,False,2308,319.94766,2020-05-31,0.0576,133,SP,-22,3
Santo André,3547809.0,2020-06-01,202023,721368.0,718773.0,False,False,2318,321.33391,2020-06-01,0.0578,134,SP,10,1
Santo André,3547809.0,2020-06-02,202023,721368.0,718773.0,False,False,2489,345.03887000000003,2020-06-02,0.0558,139,SP,171,5
Santo André,3547809.0,2020-06-03,202023,721368.0,718773.0,False,False,2607,361.39668,2020-06-03,0.0556,145,SP,118,6
Santo André,3547809.0,2020-06-04,202023,721368.0,718773.0,False,False,2764,383.16087999999996,2020-06-04,0.0554,153,SP,157,8
Santo André,3547809.0,2020-06-05,202023,721368.0,718773.0,False,False,2917,404.37057999999996,2020-06-05,0.0549,160,SP,153,7
Santo André,3547809.0,2020-06-06,202023,721368.0,718773.0,False,False,3087,427.93692000000004,2020-06-06,0.0544,168,SP,170,8
Santo André,3547809.0,2020-06-07,202024,721368.0,718773.0,False,False,3188,441.9381,2020-06-07,0.053,169,SP,101,1
Santo André,3547809.0,2020-06-08,202024,721368.0,718773.0,False,False,3201,443.74023,2020-06-08,0.0528,169,SP,13,0
Santo André,3547809.0,2020-06-09,202024,721368.0,718773.0,False,False,3376,467.99969000000004,2020-06-09,0.0524,177,SP,175,8
Santo André,3547809.0,2020-06-10,202024,721368.0,718773.0,False,False,3527,488.93214000000006,2020-06-10,0.0527,186,SP,151,9
Santo André,3547809.0,2020-06-11,202024,721368.0,718773.0,False,False,3659,507.23071,2020-06-11,0.0522,191,SP,132,5
Santo André,3547809.0,2020-06-12,202024,721368.0,718773.0,False,False,3781,524.14302,2020-06-12,0.0508,192,SP,122,1
Santo André,3547809.0,2020-06-13,202024,721368.0,718773.0,False,False,3889,539.1145700000001,2020-06-13,0.0501,195,SP,108,3
Santo André,3547809.0,2020-06-14,202025,721368.0,718773.0,False,False,3943,546.60035,2020-06-14,0.0497,196,SP,54,1
Santo André,3547809.0,2020-06-15,202025,721368.0,718773.0,False,False,3971,550.48186,2020-06-15,0.0496,197,SP,28,1
Santo André,3547809.0,2020-06-16,202025,721368.0,718773.0,False,False,4123,571.55294,2020-06-16,0.0495,204,SP,152,7
Santo André,3547809.0,2020-06-17,202025,721368.0,718773.0,False,False,4131,572.6619400000001,2020-06-17,0.0501,207,SP,8,3
Santo André,3547809.0,2020-06-18,202025,721368.0,718773.0,False,False,4148,575.0185799999999,2020-06-18,0.0526,218,SP,17,11
Santo André,3547809.0,2020-06-19,202025,721368.0,718773.0,False,False,4515,625.89413,2020-06-19,0.0498,225,SP,367,7
Santo André,3547809.0,2020-06-20,202025,721368.0,718773.0,False,False,4680,648.76734,2020-06-20,0.0494,231,SP,165,6
Santo André,3547809.0,2020-06-21,202026,721368.0,718773.0,False,False,4813,667.20453,2020-06-21,0.0482,232,SP,133,1
Santo André,3547809.0,2020-06-22,202026,721368.0,718773.0,False,False,4834,670.11567,2020-06-22,0.048,232,SP,21,0
Santo André,3547809.0,2020-06-23,202026,721368.0,718773.0,False,False,5101,707.12868,2020-06-23,0.0469,239,SP,267,7
Santo André,3547809.0,2020-06-24,202026,721368.0,718773.0,False,False,5340,740.26017,2020-06-24,0.0448,239,SP,239,0
Santo André,3547809.0,2020-06-25,202026,721368.0,718773.0,False,False,5549,769.2329,2020-06-25,0.0442,245,SP,209,6
Santo André,3547809.0,2020-06-26,202026,721368.0,718773.0,False,False,5709,791.41298,2020-06-26,0.0434,248,SP,160,3
Santo André,3547809.0,2020-06-27,202026,721368.0,718773.0,False,False,5932,822.32647,2020-06-27,0.0428,254,SP,223,6
Santo André,3547809.0,2020-06-28,202027,721368.0,718773.0,False,False,6089,844.0906699999999,2020-06-28,0.0417,254,SP,157,0
Santo André,3547809.0,2020-06-29,202027,721368.0,718773.0,False,False,6135,850.46745,2020-06-29,0.0414,254,SP,46,0
Santo André,3547809.0,2020-06-30,202027,721368.0,718773.0,False,False,6390,885.81695,2020-06-30,0.0401,256,SP,255,2
Santo André,3547809.0,2020-07-01,202027,721368.0,718773.0,False,False,6704,929.34535,2020-07-01,0.0386,259,SP,314,3
Santo André,3547809.0,2020-07-02,202027,721368.0,718773.0,False,False,6945,962.7541,2020-07-02,0.0379,263,SP,241,4
Santo André,3547809.0,2020-07-03,202027,721368.0,718773.0,False,False,7162,992.8358300000001,2020-07-03,0.0376,269,SP,217,6
Santo André,3547809.0,2020-07-04,202027,721368.0,718773.0,False,False,7188,996.4401,2020-07-04,0.038,273,SP,26,4
Santo André,3547809.0,2020-07-05,202028,721368.0,718773.0,False,False,7372,1021.9471900000001,2020-07-05,0.0373,275,SP,184,2
Santo André,3547809.0,2020-07-06,202028,721368.0,718773.0,False,False,7388,1024.1652,2020-07-06,0.0372,275,SP,16,0
Santo André,3547809.0,2020-07-07,202028,721368.0,718773.0,False,False,7604,1054.10831,2020-07-07,0.0371,282,SP,216,7
Santo André,3547809.0,2020-07-08,202028,721368.0,718773.0,False,False,7811,1082.8037800000002,2020-07-08,0.0374,292,SP,207,10
Santo André,3547809.0,2020-07-09,202028,721368.0,718773.0,False,False,7985,1106.92462,2020-07-09,0.0366,292,SP,174,0
Santo André,3547809.0,2020-07-10,202028,721368.0,718773.0,False,False,8076,1119.53954,2020-07-10,0.0365,295,SP,91,3
Santo André,3547809.0,2020-07-11,202028,721368.0,718773.0,False,False,8203,1137.14498,2020-07-11,0.0367,301,SP,127,6
Santo André,3547809.0,2020-07-12,202029,721368.0,718773.0,False,False,8275,1147.12602,2020-07-12,0.0375,310,SP,72,9
Santo André,3547809.0,2020-07-13,202029,721368.0,718773.0,False,False,8293,1149.62128,2020-07-13,0.0374,310,SP,18,0
Santo André,3547809.0,2020-07-14,202029,721368.0,718773.0,False,False,8432,1168.89022,2020-07-14,0.0378,319,SP,139,9
Santo André,3547809.0,2020-07-15,202029,721368.0,718773.0,False,False,8564,1187.18879,2020-07-15,0.0376,322,SP,132,3
Santo André,3547809.0,2020-07-16,202029,721368.0,718773.0,False,False,8688,1204.37835,2020-07-16,0.0379,329,SP,124,7
Santo André,3547809.0,2020-07-17,202029,721368.0,718773.0,False,False,8766,1215.1911400000001,2020-07-17,0.0386,338,SP,78,9
Santo André,3547809.0,2020-07-18,202029,721368.0,718773.0,False,False,8841,1225.58805,2020-07-18,0.0387,342,SP,75,4
Santo André,3547809.0,2020-07-19,202030,721368.0,718773.0,False,False,8877,1230.57857,2020-07-19,0.0385,342,SP,36,0
Santo André,3547809.0,2020-07-20,202030,721368.0,718773.0,False,False,8890,1232.3807,2020-07-20,0.0385,342,SP,13,0
Santo André,3547809.0,2020-07-21,202030,721368.0,718773.0,False,False,9052,1254.8380300000001,2020-07-21,0.0383,347,SP,162,5
Santo André,3547809.0,2020-07-22,202030,721368.0,718773.0,False,False,9391,1301.83207,2020-07-22,0.0379,356,SP,339,9
Santo André,3547809.0,2020-07-23,202030,721368.0,718773.0,False,False,9607,1331.77518,2020-07-23,0.0379,364,SP,216,8
Santo André,3547809.0,2020-07-24,202030,721368.0,718773.0,False,False,9819,1361.16379,2020-07-24,0.0378,371,SP,212,7
Santo André,3547809.0,2020-07-25,202030,721368.0,718773.0,False,False,9985,1384.17562,2020-07-25,0.0377,376,SP,166,5
Santo André,3547809.0,2020-07-26,202031,721368.0,718773.0,False,False,10079,1397.20642,2020-07-26,0.0373,376,SP,94,0
Santo André,3547809.0,2020-07-27,202031,721368.0,718773.0,False,False,10104,1400.6720599999999,2020-07-27,0.0372,376,SP,25,0
Santo André,3547809.0,2020-07-28,202031,721368.0,718773.0,False,False,10313,1429.64479,2020-07-28,0.0368,380,SP,209,4
Santo André,3547809.0,2020-07-29,202031,721368.0,718773.0,False,False,10480,1452.7952400000001,2020-07-29,0.0363,380,SP,167,0
Santo André,3547809.0,2020-07-30,202031,721368.0,718773.0,False,False,10707,1484.26323,2020-07-30,0.0356,381,SP,227,1
Santo André,3547809.0,2020-07-31,202031,721368.0,718773.0,False,False,10953,1518.36511,2020-07-31,0.0352,385,SP,246,4
Santo André,3547809.0,2020-08-01,202031,721368.0,718773.0,False,False,11066,1534.02979,2020-08-01,0.0353,391,SP,113,6
Santo André,3547809.0,2020-08-02,202032,721368.0,718773.0,False,False,11128,1542.62457,2020-08-02,0.0357,397,SP,62,6
Santo André,3547809.0,2020-08-03,202032,721368.0,718773.0,False,False,11142,1544.5653300000001,2020-08-03,0.0356,397,SP,14,0
Santo André,3547809.0,2020-08-04,202032,721368.0,718773.0,False,False,11382,1577.83545,2020-08-04,0.0352,401,SP,240,4
Santo André,3547809.0,2020-08-05,202032,721368.0,718773.0,False,False,11493,1593.22288,2020-08-05,0.0358,411,SP,111,10
Santo André,3547809.0,2020-08-06,202032,721368.0,718773.0,False,False,11662,1616.65059,2020-08-06,0.0352,410,SP,169,-1
Santo André,3547809.0,2020-08-07,202032,721368.0,718773.0,False,False,11789,1634.25602,2020-08-07,0.035,413,SP,127,3
Santo André,3547809.0,2020-08-08,202032,721368.0,718773.0,False,False,11928,1653.52497,2020-08-08,0.0352,420,SP,139,7
Santo André,3547809.0,2020-08-09,202033,721368.0,718773.0,False,False,12015,1665.58539,2020-08-09,0.0354,425,SP,87,5
Santo André,3547809.0,2020-08-10,202033,721368.0,718773.0,False,False,12030,1667.6647699999999,2020-08-10,0.0354,426,SP,15,1
Santo André,3547809.0,2020-08-11,202033,721368.0,718773.0,False,False,12189,1689.70622,2020-08-11,0.0356,434,SP,159,8
Santo André,3547809.0,2020-08-12,202033,721368.0,718773.0,False,False,12377,1715.76782,2020-08-12,0.0358,443,SP,188,9
Santo André,3547809.0,2020-08-13,202033,721368.0,718773.0,False,False,12532,1737.25477,2020-08-13,0.0357,447,SP,155,4
Santo André,3547809.0,2020-08-14,202033,721368.0,718773.0,False,False,12672,1756.6623399999999,2020-08-14,0.0355,450,SP,140,3
Santo André,3547809.0,2020-08-15,202033,721368.0,718773.0,False,False,12800,1774.40641,2020-08-15,0.0354,453,SP,128,3
Santo André,3547809.0,2020-08-16,202034,721368.0,718773.0,False,False,12939,1793.67535,2020-08-16,0.0352,455,SP,139,2
Santo André,3547809.0,2020-08-17,202034,721368.0,718773.0,False,False,12970,1797.97274,2020-08-17,0.0351,455,SP,31,0
Santo André,3547809.0,2020-08-18,202034,721368.0,718773.0,False,False,13131,1820.29145,2020-08-18,0.0352,462,SP,161,7
Santo André,3547809.0,2020-08-19,202034,721368.0,718773.0,False,False,13279,1840.80802,2020-08-19,0.0352,468,SP,148,6
Santo André,3547809.0,2020-08-20,202034,721368.0,718773.0,False,False,13484,1869.22625,2020-08-20,0.0349,471,SP,205,3
Santo André,3547809.0,2020-08-21,202034,721368.0,718773.0,False,False,13527,1875.1871399999998,2020-08-21,0.035,473,SP,43,2
Santo André,3547809.0,2020-08-22,202034,721368.0,718773.0,False,False,13671,1895.14922,2020-08-22,0.0348,476,SP,144,3
Santo André,3547809.0,2020-08-23,202035,721368.0,718773.0,False,False,13716,1901.3873600000002,2020-08-23,0.0347,476,SP,45,0
Santo André,3547809.0,2020-08-24,202035,721368.0,718773.0,False,False,13740,1904.7143800000001,2020-08-24,0.0347,477,SP,24,1
Santo André,3547809.0,2020-08-25,202035,721368.0,718773.0,False,False,13886,1924.9537,2020-08-25,0.0349,484,SP,146,7
Santo André,3547809.0,2020-08-26,202035,721368.0,718773.0,False,False,14076,1951.29254,2020-08-26,0.035,492,SP,190,8
Santo André,3547809.0,2020-08-27,202035,721368.0,718773.0,False,False,14202,1968.7593600000002,2020-08-27,0.035,497,SP,126,5
Santo André,3547809.0,2020-08-28,202035,721368.0,718773.0,False,False,14405,1996.9003300000002,2020-08-28,0.0353,509,SP,203,12
Santo André,3547809.0,2020-08-29,202035,721368.0,718773.0,False,True,14405,1996.9003300000002,2020-08-28,0.0353,509,SP,0,0
Santo André,3547809.0,2020-08-30,202036,721368.0,718773.0,False,False,14559,2018.2486600000002,2020-08-30,0.0356,519,SP,154,10
Santo André,3547809.0,2020-08-31,202036,721368.0,718773.0,False,False,14584,2021.7143,2020-08-31,0.0356,519,SP,25,0
Santo André,3547809.0,2020-09-01,202036,721368.0,718773.0,False,False,14727,2041.5377399999998,2020-09-01,0.0359,529,SP,143,10
Santo André,3547809.0,2020-09-02,202036,721368.0,718773.0,False,False,14856,2059.42043,2020-09-02,0.0365,542,SP,129,13
Santo André,3547809.0,2020-09-03,202036,721368.0,718773.0,False,False,14979,2076.4713699999998,2020-09-03,0.0365,547,SP,123,5
Santo André,3547809.0,2020-09-04,202036,721368.0,718773.0,False,False,15112,2094.9085600000003,2020-09-04,0.0363,549,SP,133,2
Santo André,3547809.0,2020-09-05,202036,721368.0,718773.0,False,False,15184,2104.8896,2020-09-05,0.0364,553,SP,72,4
Santo André,3547809.0,2020-09-06,202037,721368.0,718773.0,False,False,15181,2104.47372,2020-09-06,0.0364,553,SP,-3,0
Santo André,3547809.0,2020-09-07,202037,721368.0,718773.0,False,True,15181,2104.47372,2020-09-06,0.0364,553,SP,0,0
Santo André,3547809.0,2020-09-08,202037,721368.0,718773.0,False,False,15220,2109.88012,2020-09-08,0.0365,555,SP,39,2
Santo André,3547809.0,2020-09-09,202037,721368.0,718773.0,False,False,15314,2122.91091,2020-09-09,0.0366,561,SP,94,6
Santo André,3547809.0,2020-09-10,202037,721368.0,718773.0,False,False,15413,2136.6348399999997,2020-09-10,0.0368,567,SP,99,6
Santo André,3547809.0,2020-09-11,202037,721368.0,718773.0,False,False,15569,2158.26042,2020-09-11,0.0367,572,SP,156,5
Santo André,3547809.0,2020-09-12,202037,721368.0,718773.0,False,False,15717,2178.77699,2020-09-12,0.0366,576,SP,148,4
Santo André,3547809.0,2020-09-13,202038,721368.0,718773.0,False,False,15750,2183.35163,2020-09-13,0.0366,577,SP,33,1
Santo André,3547809.0,2020-09-14,202038,721368.0,718773.0,False,False,15761,2184.87651,2020-09-14,0.0366,577,SP,11,0
Santo André,3547809.0,2020-09-15,202038,721368.0,718773.0,False,False,15939,2209.55185,2020-09-15,0.0363,578,SP,178,1
Santo André,3547809.0,2020-09-16,202038,721368.0,718773.0,False,False,16084,2229.65255,2020-09-16,0.036,579,SP,145,1
Santo André,3547809.0,2020-09-17,202038,721368.0,718773.0,False,False,16222,2248.78287,2020-09-17,0.0358,581,SP,138,2
Santo André,3547809.0,2020-09-18,202038,721368.0,718773.0,False,False,16334,2264.30892,2020-09-18,0.0356,581,SP,112,0
Santo André,3547809.0,2020-09-19,202038,721368.0,718773.0,False,False,16435,2278.3101,2020-09-19,0.0356,585,SP,101,4
Santo André,3547809.0,2020-09-20,202039,721368.0,718773.0,False,False,16478,2284.271,2020-09-20,0.0355,585,SP,43,0
Santo André,3547809.0,2020-09-21,202039,721368.0,718773.0,False,False,16491,2286.07313,2020-09-21,0.0355,585,SP,13,0
Santo André,3547809.0,2020-09-22,202039,721368.0,718773.0,False,False,16603,2301.59918,2020-09-22,0.0354,588,SP,112,3
Santo André,3547809.0,2020-09-23,202039,721368.0,718773.0,False,False,16712,2316.7093600000003,2020-09-23,0.0352,589,SP,109,1
Santo André,3547809.0,2020-09-24,202039,721368.0,718773.0,False,False,16855,2336.53281,2020-09-24,0.0351,591,SP,143,2
Santo André,3547809.0,2020-09-25,202039,721368.0,718773.0,False,False,16955,2350.39536,2020-09-25,0.035,593,SP,100,2
Santo André,3547809.0,2020-09-26,202039,721368.0,718773.0,False,False,17056,2364.3965399999997,2020-09-26,0.0349,595,SP,101,2
Santo André,3547809.0,2020-09-27,202040,721368.0,718773.0,False,False,17057,2364.5351600000004,2020-09-27,0.0349,595,SP,1,0
Santo André,3547809.0,2020-09-28,202040,721368.0,718773.0,False,False,17076,2367.16905,2020-09-28,0.0348,595,SP,19,0
Santo André,3547809.0,2020-09-29,202040,721368.0,718773.0,False,False,17183,2382.00197,2020-09-29,0.0349,600,SP,107,5
Santo André,3547809.0,2020-09-30,202040,721368.0,718773.0,False,False,17267,2393.64652,2020-09-30,0.0347,600,SP,84,0
Santo André,3547809.0,2020-10-01,202040,721368.0,718773.0,False,False,17357,2406.1228100000003,2020-10-01,0.0347,602,SP,90,2
Santo André,3547809.0,2020-10-02,202040,721368.0,718773.0,False,False,17428,2415.96522,2020-10-02,0.0351,611,SP,71,9
Santo André,3547809.0,2020-10-03,202040,721368.0,718773.0,False,False,17526,2429.55052,2020-10-03,0.035,613,SP,98,2
Santo André,3547809.0,2020-10-04,202041,721368.0,718773.0,False,True,17526,2429.55052,2020-10-03,0.035,613,SP,0,0
Santo André,3547809.0,2020-10-05,202041,721368.0,718773.0,False,True,17526,2429.55052,2020-10-03,0.035,613,SP,0,0
Santo André,3547809.0,2020-10-06,202041,721368.0,718773.0,False,False,17621,2442.71994,2020-10-06,0.0348,613,SP,95,0
Santo André,3547809.0,2020-10-07,202041,721368.0,718773.0,False,True,17621,2442.71994,2020-10-06,0.0348,613,SP,0,0
Santo André,3547809.0,2020-10-08,202041,721368.0,718773.0,False,False,17798,2467.25666,2020-10-08,0.0346,616,SP,177,3
Santo André,3547809.0,2020-10-09,202041,721368.0,718773.0,False,False,17868,2476.96044,2020-10-09,0.0348,622,SP,70,6
Santo André,3547809.0,2020-10-10,202041,721368.0,718773.0,False,False,17931,2485.69385,2020-10-10,0.0347,622,SP,63,0
Santo André,3547809.0,2020-10-11,202042,721368.0,718773.0,False,False,18018,2497.75427,2020-10-11,0.0345,622,SP,87,0
Santo André,3547809.0,2020-10-12,202042,721368.0,718773.0,False,False,18038,2500.52678,2020-10-12,0.0345,622,SP,20,0
Santo André,3547809.0,2020-10-13,202042,721368.0,718773.0,False,False,18054,2502.74478,2020-10-13,0.0345,622,SP,16,0
Santo André,3547809.0,2020-10-14,202042,721368.0,718773.0,False,False,18119,2511.75544,2020-10-14,0.0344,623,SP,65,1
Santo André,3547809.0,2020-10-15,202042,721368.0,718773.0,False,False,18237,2528.11325,2020-10-15,0.0344,627,SP,118,4
Santo André,3547809.0,2020-10-16,202042,721368.0,718773.0,False,True,18237,2528.11325,2020-10-15,0.0344,627,SP,0,0
Santo André,3547809.0,2020-10-17,202042,721368.0,718773.0,False,False,18411,2552.23409,2020-10-17,0.0343,632,SP,174,5
Santo André,3547809.0,2020-10-18,202043,721368.0,718773.0,False,False,18420,2553.4817199999998,2020-10-18,0.0344,633,SP,9,1
Santo André,3547809.0,2020-10-19,202043,721368.0,718773.0,False,False,18425,2554.17485,2020-10-19,0.0344,633,SP,5,0
Santo André,3547809.0,2020-10-20,202043,721368.0,718773.0,False,False,18492,2563.46275,2020-10-20,0.0343,634,SP,67,1
Santo André,3547809.0,2020-10-21,202043,721368.0,718773.0,False,False,18546,2570.94853,2020-10-21,0.0343,636,SP,54,2
Santo André,3547809.0,2020-10-22,202043,721368.0,718773.0,False,False,18607,2579.40469,2020-10-22,0.0342,637,SP,61,1
Santo André,3547809.0,2020-10-23,202043,721368.0,718773.0,False,False,18715,2594.37624,2020-10-23,0.0341,638,SP,108,1
Santo André,3547809.0,2020-10-24,202043,721368.0,718773.0,False,False,18814,2608.1001699999997,2020-10-24,0.034,639,SP,99,1
Santo André,3547809.0,2020-10-25,202044,721368.0,718773.0,False,False,18860,2614.47694,2020-10-25,0.0339,639,SP,46,0
Santo André,3547809.0,2020-10-26,202044,721368.0,718773.0,False,False,18893,2619.0515800000003,2020-10-26,0.0338,639,SP,33,0
Santo André,3547809.0,2020-10-27,202044,721368.0,718773.0,False,False,18989,2632.35963,2020-10-27,0.0337,639,SP,96,0
Santo André,3547809.0,2020-10-28,202044,721368.0,718773.0,False,False,19123,2650.9354399999997,2020-10-28,0.0335,641,SP,134,2
Santo André,3547809.0,2020-10-29,202044,721368.0,718773.0,False,False,19230,2665.76837,2020-10-29,0.0334,642,SP,107,1
Santo André,3547809.0,2020-10-30,202044,721368.0,718773.0,False,False,19344,2681.57168,2020-10-30,0.0333,644,SP,114,2
Santo André,3547809.0,2020-10-31,202044,721368.0,718773.0,False,False,19398,2689.05746,2020-10-31,0.0333,646,SP,54,2
Santo André,3547809.0,2020-11-01,202045,721368.0,718773.0,False,True,19398,2689.05746,2020-10-31,0.0333,646,SP,0,0
Santo André,3547809.0,2020-11-02,202045,721368.0,718773.0,False,False,19464,2698.2067399999996,2020-11-02,0.0332,646,SP,66,0
Santo André,3547809.0,2020-11-03,202045,721368.0,718773.0,False,False,19488,2701.53375,2020-11-03,0.0331,646,SP,24,0
Santo André,3547809.0,2020-11-04,202045,721368.0,718773.0,False,False,19562,2711.79204,2020-11-04,0.033,646,SP,74,0
Santo André,3547809.0,2020-11-05,202045,721368.0,718773.0,False,False,19610,2718.44606,2020-11-05,0.0328,644,SP,48,-2
Santo André,3547809.0,2020-11-06,202045,721368.0,718773.0,False,True,19610,2718.44606,2020-11-05,0.0328,644,SP,0,0
Santo André,3547809.0,2020-11-07,202045,721368.0,718773.0,False,True,19610,2718.44606,2020-11-05,0.0328,644,SP,0,0
Santo André,3547809.0,2020-11-08,202046,721368.0,718773.0,False,True,19610,2718.44606,2020-11-05,0.0328,644,SP,0,0
Santo André,3547809.0,2020-11-09,202046,721368.0,718773.0,False,True,19610,2718.44606,2020-11-05,0.0328,644,SP,0,0
Santo André,3547809.0,2020-11-10,202046,721368.0,718773.0,False,False,20172,2796.3535899999997,2020-11-10,0.0319,644,SP,562,0
Santo André,3547809.0,2020-11-11,202046,721368.0,718773.0,False,False,20255,2807.8595100000002,2020-11-11,0.0318,645,SP,83,1
Santo André,3547809.0,2020-11-12,202046,721368.0,718773.0,False,False,20455,2835.5846100000003,2020-11-12,0.032,654,SP,200,9
Santo André,3547809.0,2020-11-13,202046,721368.0,718773.0,False,False,20612,2857.3488199999997,2020-11-13,0.0317,654,SP,157,0
Santo André,3547809.0,2020-11-14,202046,721368.0,718773.0,False,False,20752,2876.75639,2020-11-14,0.0316,655,SP,140,1
Santo André,3547809.0,2020-11-15,202047,721368.0,718773.0,False,False,20788,2881.7469,2020-11-15,0.0315,655,SP,36,0
Santo André,3547809.0,2020-11-16,202047,721368.0,718773.0,False,False,20801,2883.54903,2020-11-16,0.0315,655,SP,13,0
Santo André,3547809.0,2020-11-17,202047,721368.0,718773.0,False,False,20999,2910.99688,2020-11-17,0.0316,663,SP,198,8
Santo André,3547809.0,2020-11-18,202047,721368.0,718773.0,False,False,21167,2934.28597,2020-11-18,0.0314,665,SP,168,2
Santo André,3547809.0,2020-11-19,202047,721368.0,718773.0,False,False,21377,2963.39732,2020-11-19,0.0311,665,SP,210,0
Santo André,3547809.0,2020-11-20,202047,721368.0,718773.0,False,True,21377,2963.39732,2020-11-19,0.0311,665,SP,0,0
Santo André,3547809.0,2020-11-21,202047,721368.0,718773.0,False,False,21629,2998.33095,2020-11-21,0.0307,665,SP,252,0
Santo André,3547809.0,2020-11-22,202048,721368.0,718773.0,False,False,21745,3014.4115100000004,2020-11-22,0.0306,665,SP,116,0
Santo André,3547809.0,2020-11-23,202048,721368.0,718773.0,False,False,21779,3019.12477,2020-11-23,0.0305,665,SP,34,0
Santo André,3547809.0,2020-11-24,202048,721368.0,718773.0,False,False,21910,3037.2847100000004,2020-11-24,0.0304,666,SP,131,1
Santo André,3547809.0,2020-11-25,202048,721368.0,718773.0,False,False,22063,3058.49442,2020-11-25,0.0303,668,SP,153,2
Santo André,3547809.0,2020-11-26,202048,721368.0,718773.0,False,False,22151,3070.69346,2020-11-26,0.0302,668,SP,88,0
Santo André,3547809.0,2020-11-27,202048,721368.0,718773.0,False,False,22274,3087.7444,2020-11-27,0.0301,670,SP,123,2
Santo André,3547809.0,2020-11-28,202048,721368.0,718773.0,False,False,22480,3116.30125,2020-11-28,0.0302,680,SP,206,10
Santo André,3547809.0,2020-11-29,202049,721368.0,718773.0,False,False,22597,3132.52043,2020-11-29,0.0301,680,SP,117,0
Santo André,3547809.0,2020-11-30,202049,721368.0,718773.0,False,False,22618,3135.4315699999997,2020-11-30,0.0301,680,SP,21,0
Santo André,3547809.0,2020-12-01,202049,721368.0,718773.0,False,False,22888,3172.86045,2020-12-01,0.0297,679,SP,270,-1
Santo André,3547809.0,2020-12-02,202049,721368.0,718773.0,False,False,23125,3205.7147,2020-12-02,0.0294,680,SP,237,1
Santo André,3547809.0,2020-12-03,202049,721368.0,718773.0,False,False,23333,3234.5488,2020-12-03,0.0291,680,SP,208,0
Santo André,3547809.0,2020-12-04,202049,721368.0,718773.0,False,False,23514,3259.64002,2020-12-04,0.029,682,SP,181,2
Santo André,3547809.0,2020-12-05,202049,721368.0,718773.0,False,False,23757,3293.32601,2020-12-05,0.0287,683,SP,243,1
Santo André,3547809.0,2020-12-06,202050,721368.0,718773.0,False,False,23843,3305.2478100000003,2020-12-06,0.0289,690,SP,86,7
Santo André,3547809.0,2020-12-07,202050,721368.0,718773.0,False,False,23888,3311.48595,2020-12-07,0.0289,690,SP,45,0
Santo André,3547809.0,2020-12-08,202050,721368.0,718773.0,False,False,24139,3346.28096,2020-12-08,0.0297,717,SP,251,27
Santo André,3547809.0,2020-12-09,202050,721368.0,718773.0,False,False,24338,3373.86743,2020-12-09,0.0297,722,SP,199,5
Santo André,3547809.0,2020-12-10,202050,721368.0,718773.0,False,False,24631,3414.4847,2020-12-10,0.0294,723,SP,293,1
Santo André,3547809.0,2020-12-11,202050,721368.0,718773.0,False,False,24892,3450.6659600000003,2020-12-11,0.0291,724,SP,261,1
Santo André,3547809.0,2020-12-12,202050,721368.0,718773.0,False,False,25135,3484.35195,2020-12-12,0.0293,736,SP,243,12
Santo André,3547809.0,2020-12-13,202051,721368.0,718773.0,False,False,25174,3489.75835,2020-12-13,0.0292,736,SP,39,0
Santo André,3547809.0,2020-12-14,202051,721368.0,718773.0,False,False,25208,3494.4716200000003,2020-12-14,0.0292,736,SP,34,0
Santo André,3547809.0,2020-12-15,202051,721368.0,718773.0,False,False,25275,3503.7595200000005,2020-12-15,0.0294,742,SP,67,6
Santo André,3547809.0,2020-12-16,202051,721368.0,718773.0,False,True,25275,3503.7595200000005,2020-12-15,0.0294,742,SP,0,0
Santo André,3547809.0,2020-12-17,202051,721368.0,718773.0,False,False,25791,3575.2902799999997,2020-12-17,0.0303,781,SP,516,39
Santo André,3547809.0,2020-12-18,202051,721368.0,718773.0,False,False,26007,3605.23339,2020-12-18,0.03,781,SP,216,0
Santo André,3547809.0,2020-12-19,202051,721368.0,718773.0,False,False,26304,3646.4051600000003,2020-12-19,0.0297,782,SP,297,1
Santo André,3547809.0,2020-12-20,202052,721368.0,718773.0,False,False,26304,3646.4051600000003,2020-12-20,0.0297,782,SP,0,0
Santo André,3547809.0,2020-12-21,202052,721368.0,718773.0,False,False,26378,3656.66345,2020-12-21,0.0301,793,SP,74,11
Santo André,3547809.0,2020-12-22,202052,721368.0,718773.0,False,False,26590,3686.05206,2020-12-22,0.0302,802,SP,212,9
Santo André,3547809.0,2020-12-23,202052,721368.0,718773.0,False,False,26761,3709.7570200000005,2020-12-23,0.0301,805,SP,171,3
Santo André,3547809.0,2020-12-24,202052,721368.0,718773.0,False,False,26994,3742.05676,2020-12-24,0.0299,806,SP,233,1
Santo André,3547809.0,2020-12-25,202052,721368.0,718773.0,False,False,27130,3760.9098299999996,2020-12-25,0.0297,806,SP,136,0
Santo André,3547809.0,2020-12-26,202052,721368.0,718773.0,False,False,27155,3764.37546,2020-12-26,0.0297,807,SP,25,1
Santo André,3547809.0,2020-12-27,202053,721368.0,718773.0,False,False,27216,3772.8316200000004,2020-12-27,0.0297,807,SP,61,0
Santo André,3547809.0,2020-12-28,202053,721368.0,718773.0,False,False,27240,3776.15863,2020-12-28,0.0296,807,SP,24,0
Santo André,3547809.0,2020-12-29,202053,721368.0,718773.0,False,False,27483,3809.8446299999996,2020-12-29,0.0294,808,SP,243,1
Santo André,3547809.0,2020-12-30,202053,721368.0,718773.0,False,True,27483,3809.8446299999996,2020-12-29,0.0294,808,SP,0,0
Santo André,3547809.0,2020-12-31,202053,721368.0,718773.0,False,False,27983,3879.1573799999996,2020-12-31,0.0306,855,SP,500,47
Santo André,3547809.0,2021-01-01,202053,721368.0,718773.0,False,True,27983,3879.1573799999996,2020-12-31,0.0306,855,SP,0,0
Santo André,3547809.0,2021-01-02,202053,721368.0,718773.0,False,False,28102,3895.6538100000002,2021-01-02,0.0304,855,SP,119,0
Santo André,3547809.0,2021-01-03,202101,721368.0,718773.0,False,False,28144,3901.47608,2021-01-03,0.0304,855,SP,42,0
Santo André,3547809.0,2021-01-04,202101,721368.0,718773.0,False,False,28198,3908.9618600000003,2021-01-04,0.0303,855,SP,54,0
Santo André,3547809.0,2021-01-05,202101,721368.0,718773.0,False,False,28425,3940.42985,2021-01-05,0.0303,860,SP,227,5
Santo André,3547809.0,2021-01-06,202101,721368.0,718773.0,False,False,28612,3966.3528200000005,2021-01-06,0.0303,867,SP,187,7
Santo André,3547809.0,2021-01-07,202101,721368.0,718773.0,False,False,28908,4007.3859700000003,2021-01-07,0.03,868,SP,296,1
Santo André,3547809.0,2021-01-08,202101,721368.0,718773.0,False,False,29194,4047.0328600000003,2021-01-08,0.0298,870,SP,286,2
Santo André,3547809.0,2021-01-09,202101,721368.0,718773.0,False,False,29352,4068.93569,2021-01-09,0.03,880,SP,158,10
Santo André,3547809.0,2021-01-10,202102,721368.0,718773.0,False,False,29474,4085.848,2021-01-10,0.0299,880,SP,122,0
Santo André,3547809.0,2021-01-11,202102,721368.0,718773.0,False,False,29556,4097.21529,2021-01-11,0.0298,880,SP,82,0
Santo André,3547809.0,2021-01-12,202102,721368.0,718773.0,False,False,29723,4120.36575,2021-01-12,0.0297,882,SP,167,2
Santo André,3547809.0,2021-01-13,202102,721368.0,718773.0,False,False,29940,4150.44748,2021-01-13,0.0297,889,SP,217,7
Santo André,3547809.0,2021-01-14,202102,721368.0,718773.0,False,False,30108,4173.73657,2021-01-14,0.0298,898,SP,168,9
Santo André,3547809.0,2021-01-15,202102,721368.0,718773.0,False,False,30278,4197.3029,2021-01-15,0.0301,912,SP,170,14
Santo André,3547809.0,2021-01-16,202102,721368.0,718773.0,False,False,30491,4226.830129999999,2021-01-16,0.0299,913,SP,213,1
Santo André,3547809.0,2021-01-17,202103,721368.0,718773.0,False,False,30544,4234.17729,2021-01-17,0.0299,914,SP,53,1
Santo André,3547809.0,2021-01-18,202103,721368.0,718773.0,False,False,30568,4237.5043,2021-01-18,0.0299,914,SP,24,0
Santo André,3547809.0,2021-01-19,202103,721368.0,718773.0,False,False,30807,4270.63579,2021-01-19,0.0297,916,SP,239,2
Santo André,3547809.0,2021-01-20,202103,721368.0,718773.0,False,False,30966,4292.67725,2021-01-20,0.0299,927,SP,159,11
Santo André,3547809.0,2021-01-21,202103,721368.0,718773.0,False,False,31064,4306.26255,2021-01-21,0.0309,959,SP,98,32
Santo André,3547809.0,2021-01-22,202103,721368.0,718773.0,False,False,31182,4322.62035,2021-01-22,0.0308,961,SP,118,2
Santo André,3547809.0,2021-01-23,202103,721368.0,718773.0,False,False,31371,4348.82057,2021-01-23,0.0308,967,SP,189,6
Santo André,3547809.0,2021-01-24,202104,721368.0,718773.0,False,False,31446,4359.21749,2021-01-24,0.0312,981,SP,75,14
Santo André,3547809.0,2021-01-25,202104,721368.0,718773.0,False,False,31487,4364.901129999999,2021-01-25,0.0312,981,SP,41,0
Santo André,3547809.0,2021-01-26,202104,721368.0,718773.0,False,False,31582,4378.07055,2021-01-26,0.0311,983,SP,95,2
Santo André,3547809.0,2021-01-27,202104,721368.0,718773.0,False,False,31753,4401.77552,2021-01-27,0.0311,986,SP,171,3
Santo André,3547809.0,2021-01-28,202104,721368.0,718773.0,False,False,31915,4424.23285,2021-01-28,0.0312,995,SP,162,9
Santo André,3547809.0,2021-01-29,202104,721368.0,718773.0,False,False,32043,4441.97691,2021-01-29,0.0312,999,SP,128,4
Santo André,3547809.0,2021-01-30,202104,721368.0,718773.0,False,False,32262,4472.3359,2021-01-30,0.0313,1010,SP,219,11
Santo André,3547809.0,2021-01-31,202105,721368.0,718773.0,False,False,32312,4479.26717,2021-01-31,0.0313,1010,SP,50,0
Santo André,3547809.0,2021-02-01,202105,721368.0,718773.0,False,False,32340,4483.148679999999,2021-02-01,0.0312,1010,SP,28,0
Santo André,3547809.0,2021-02-02,202105,721368.0,718773.0,False,False,32496,4504.77426,2021-02-02,0.0312,1014,SP,156,4
Santo André,3547809.0,2021-02-03,202105,721368.0,718773.0,False,False,32643,4525.15221,2021-02-03,0.0311,1015,SP,147,1
Santo André,3547809.0,2021-02-04,202105,721368.0,718773.0,False,False,32794,4546.08466,2021-02-04,0.0316,1037,SP,151,22
Santo André,3547809.0,2021-02-05,202105,721368.0,718773.0,False,False,32929,4564.7991,2021-02-05,0.0323,1065,SP,135,28
Santo André,3547809.0,2021-02-06,202105,721368.0,718773.0,False,False,33019,4577.2754,2021-02-06,0.0326,1076,SP,90,11
Santo André,3547809.0,2021-02-07,202106,721368.0,718773.0,False,False,33121,4591.4152,2021-02-07,0.0325,1076,SP,102,0
Santo André,3547809.0,2021-02-08,202106,721368.0,718773.0,False,False,33167,4597.79197,2021-02-08,0.0324,1076,SP,46,0
Santo André,3547809.0,2021-02-09,202106,721368.0,718773.0,False,False,33368,4625.6557,2021-02-09,0.0326,1087,SP,201,11
Santo André,3547809.0,2021-02-10,202106,721368.0,718773.0,False,False,33522,4647.00403,2021-02-10,0.0325,1089,SP,154,2
Santo André,3547809.0,2021-02-11,202106,721368.0,718773.0,False,False,33712,4673.34287,2021-02-11,0.0324,1091,SP,190,2
Santo André,3547809.0,2021-02-12,202106,721368.0,718773.0,False,False,33877,4696.21608,2021-02-12,0.0323,1095,SP,165,4
Santo André,3547809.0,2021-02-13,202106,721368.0,718773.0,False,False,33970,4709.10825,2021-02-13,0.0325,1104,SP,93,9
Santo André,3547809.0,2021-02-14,202107,721368.0,718773.0,False,False,34004,4713.82152,2021-02-14,0.0329,1120,SP,34,16
Santo André,3547809.0,2021-02-15,202107,721368.0,718773.0,False,False,34032,4717.70303,2021-02-15,0.0329,1120,SP,28,0
Santo André,3547809.0,2021-02-16,202107,721368.0,718773.0,False,False,34179,4738.08098,2021-02-16,0.0333,1138,SP,147,18
Santo André,3547809.0,2021-02-17,202107,721368.0,718773.0,False,False,34332,4759.29068,2021-02-17,0.0338,1162,SP,153,24
Santo André,3547809.0,2021-02-18,202107,721368.0,718773.0,False,False,34466,4777.8665,2021-02-18,0.0341,1174,SP,134,12
Santo André,3547809.0,2021-02-19,202107,721368.0,718773.0,False,False,34631,4800.73971,2021-02-19,0.034,1176,SP,165,2
Santo André,3547809.0,2021-02-20,202107,721368.0,718773.0,False,False,34783,4821.81078,2021-02-20,0.0339,1180,SP,152,4
Santo André,3547809.0,2021-02-21,202108,721368.0,718773.0,False,False,34829,4828.18755,2021-02-21,0.0339,1180,SP,46,0
Santo André,3547809.0,2021-02-22,202108,721368.0,718773.0,False,False,34897,4837.61409,2021-02-22,0.0338,1180,SP,68,0
Santo André,3547809.0,2021-02-23,202108,721368.0,718773.0,False,False,35045,4858.13066,2021-02-23,0.0338,1183,SP,148,3
Santo André,3547809.0,2021-02-24,202108,721368.0,718773.0,False,False,35211,4881.1425,2021-02-24,0.0338,1189,SP,166,6
Santo André,3547809.0,2021-02-25,202108,721368.0,718773.0,False,False,35364,4902.3522,2021-02-25,0.034,1201,SP,153,12
Santo André,3547809.0,2021-02-26,202108,721368.0,718773.0,False,False,35566,4930.35455,2021-02-26,0.0338,1203,SP,202,2
Santo André,3547809.0,2021-02-27,202108,721368.0,718773.0,False,False,35713,4950.7325,2021-02-27,0.0338,1206,SP,147,3
Santo André,3547809.0,2021-02-28,202109,721368.0,718773.0,False,False,35802,4963.07017,2021-02-28,0.0337,1206,SP,89,0
Santo André,3547809.0,2021-03-01,202109,721368.0,718773.0,False,False,35869,4972.35808,2021-03-01,0.0336,1206,SP,67,0
Santo André,3547809.0,2021-03-02,202109,721368.0,718773.0,False,False,36095,5003.68744,2021-03-02,0.0341,1232,SP,226,26
Santo André,3547809.0,2021-03-03,202109,721368.0,718773.0,False,False,36333,5036.68031,2021-03-03,0.0345,1254,SP,238,22
Santo André,3547809.0,2021-03-04,202109,721368.0,718773.0,False,False,36445,5052.20636,2021-03-04,0.035,1276,SP,112,22
Santo André,3547809.0,2021-03-05,202109,721368.0,718773.0,False,False,36598,5073.41607,2021-03-05,0.0355,1300,SP,153,24
Santo André,3547809.0,2021-03-06,202109,721368.0,718773.0,False,False,36862,5110.0132,2021-03-06,0.0359,1325,SP,264,25
Santo André,3547809.0,2021-03-07,202110,721368.0,718773.0,False,False,37039,5134.54991,2021-03-07,0.0358,1325,SP,177,0
Santo André,3547809.0,2021-03-08,202110,721368.0,718773.0,False,False,37125,5146.4717,2021-03-08,0.0357,1327,SP,86,2
Santo André,3547809.0,2021-03-09,202110,721368.0,718773.0,False,False,37452,5191.80224,2021-03-09,0.036,1349,SP,327,22
Santo André,3547809.0,2021-03-10,202110,721368.0,718773.0,False,False,37677,5222.99298,2021-03-10,0.0363,1369,SP,225,20
Santo André,3547809.0,2021-03-11,202110,721368.0,718773.0,False,False,37894,5253.07471,2021-03-11,0.0367,1392,SP,217,23
Santo André,3547809.0,2021-03-12,202110,721368.0,718773.0,False,False,38184,5293.27611,2021-03-12,0.0371,1417,SP,290,25
Santo André,3547809.0,2021-03-13,202110,721368.0,718773.0,False,False,38472,5333.20025,2021-03-13,0.0372,1432,SP,288,15
Santo André,3547809.0,2021-03-14,202111,721368.0,718773.0,False,False,38625,5354.40995,2021-03-14,0.0371,1432,SP,153,0
Santo André,3547809.0,2021-03-15,202111,721368.0,718773.0,False,False,38740,5370.35189,2021-03-15,0.037,1432,SP,115,0
Santo André,3547809.0,2021-03-16,202111,721368.0,718773.0,False,False,39155,5427.88147,2021-03-16,0.0375,1470,SP,415,38
Santo André,3547809.0,2021-03-17,202111,721368.0,718773.0,False,False,39528,5479.58878,2021-03-17,0.0379,1497,SP,373,27
Santo André,3547809.0,2021-03-18,202111,721368.0,718773.0,False,False,39764,5512.3044,2021-03-18,0.0382,1517,SP,236,20
Santo André,3547809.0,2021-03-19,202111,721368.0,718773.0,False,False,40158,5566.92285,2021-03-19,0.0384,1542,SP,394,25
Santo André,3547809.0,2021-03-20,202111,721368.0,718773.0,False,False,40419,5603.1041,2021-03-20,0.0384,1553,SP,261,11
Santo André,3547809.0,2021-03-21,202112,721368.0,718773.0,False,False,40544,5620.43229,2021-03-21,0.0383,1554,SP,125,1
Santo André,3547809.0,2021-03-22,202112,721368.0,718773.0,False,False,40621,5631.10645,2021-03-22,0.0383,1554,SP,77,0
Santo André,3547809.0,2021-03-23,202112,721368.0,718773.0,False,False,41034,5688.35878,2021-03-23,0.0385,1581,SP,413,27
Santo André,3547809.0,2021-03-24,202112,721368.0,718773.0,False,False,41412,5740.75922,2021-03-24,0.0382,1582,SP,378,1
Santo André,3547809.0,2021-03-25,202112,721368.0,718773.0,False,False,41732,5785.11938,2021-03-25,0.0382,1593,SP,320,11
Santo André,3547809.0,2021-03-26,202112,721368.0,718773.0,False,False,42135,5840.98546,2021-03-26,0.0384,1619,SP,403,26
Santo André,3547809.0,2021-03-27,202112,721368.0,718773.0,False,False,42434,5882.43449,2021-03-27,0.0386,1637,SP,299,18
Santo André,3547809.0,2021-03-28,202113,721368.0,718773.0,False,False,42568,5901.0103,2021-03-28,0.0385,1638,SP,134,1
Santo André,3547809.0,2021-03-29,202113,721368.0,718773.0,False,False,42650,5912.37759,2021-03-29,0.0385,1640,SP,82,2
Santo André,3547809.0,2021-03-30,202113,721368.0,718773.0,False,False,42996,5960.34202,2021-03-30,0.0387,1666,SP,346,26
Santo André,3547809.0,2021-03-31,202113,721368.0,718773.0,False,False,43282,5999.98891,2021-03-31,0.0389,1685,SP,286,19
Santo André,3547809.0,2021-04-01,202113,721368.0,718773.0,False,False,43618,6046.56708,2021-04-01,0.0391,1707,SP,336,22
Santo André,3547809.0,2021-04-02,202113,721368.0,718773.0,False,False,43829,6075.81706,2021-04-02,0.039,1711,SP,211,4
Santo André,3547809.0,2021-04-03,202113,721368.0,718773.0,False,False,43988,6097.85851,2021-04-03,0.0389,1711,SP,159,0
Santo André,3547809.0,2021-04-04,202114,721368.0,718773.0,False,False,44101,6113.52319,2021-04-04,0.0388,1711,SP,113,0
Santo André,3547809.0,2021-04-05,202114,721368.0,718773.0,False,False,44154,6120.87035,2021-04-05,0.0388,1712,SP,53,1
Santo André,3547809.0,2021-04-06,202114,721368.0,718773.0,False,False,44391,6153.72459,2021-04-06,0.0389,1728,SP,237,16
Santo André,3547809.0,2021-04-07,202114,721368.0,718773.0,False,False,44546,6175.21154,2021-04-07,0.039,1739,SP,155,11
Santo André,3547809.0,2021-04-08,202114,721368.0,718773.0,False,False,44851,6217.49232,2021-04-08,0.0392,1756,SP,305,17
Santo André,3547809.0,2021-04-09,202114,721368.0,718773.0,False,False,44972,6234.26601,2021-04-09,0.0391,1760,SP,121,4
Santo André,3547809.0,2021-04-10,202114,721368.0,718773.0,False,False,45188,6264.20911,2021-04-10,0.0392,1771,SP,216,11
Santo André,3547809.0,2021-04-11,202115,721368.0,718773.0,False,False,45264,6274.74465,2021-04-11,0.0393,1777,SP,76,6
Santo André,3547809.0,2021-04-12,202115,721368.0,718773.0,False,False,45303,6280.15105,2021-04-12,0.0392,1778,SP,39,1
Santo André,3547809.0,2021-04-13,202115,721368.0,718773.0,False,False,45685,6333.10599,2021-04-13,0.0397,1815,SP,382,37
Santo André,3547809.0,2021-04-14,202115,721368.0,718773.0,False,False,46049,6383.56567,2021-04-14,0.04,1843,SP,364,28
Santo André,3547809.0,2021-04-15,202115,721368.0,718773.0,False,False,46278,6415.31091,2021-04-15,0.0404,1868,SP,229,25
Santo André,3547809.0,2021-04-16,202115,721368.0,718773.0,False,False,46509,6447.3334,2021-04-16,0.0404,1877,SP,231,9
Santo André,3547809.0,2021-04-17,202115,721368.0,718773.0,False,False,46900,6501.53597,2021-04-17,0.0406,1902,SP,391,25
Santo André,3547809.0,2021-04-18,202116,721368.0,718773.0,False,False,46954,6509.02175,2021-04-18,0.0405,1902,SP,54,0
Santo André,3547809.0,2021-04-19,202116,721368.0,718773.0,False,False,46999,6515.2599,2021-04-19,0.0405,1902,SP,45,0
Santo André,3547809.0,2021-04-20,202116,721368.0,718773.0,False,False,47281,6554.35229,2021-04-20,0.0407,1923,SP,282,21
Santo André,3547809.0,2021-04-21,202116,721368.0,718773.0,False,False,47708,6613.545370000001,2021-04-21,0.0408,1948,SP,427,25
Santo André,3547809.0,2021-04-22,202116,721368.0,718773.0,False,False,47793,6625.3285399999995,2021-04-22,0.0408,1948,SP,85,0
Santo André,3547809.0,2021-04-23,202116,721368.0,718773.0,False,False,47982,6651.52876,2021-04-23,0.0408,1957,SP,189,9
Santo André,3547809.0,2021-04-24,202116,721368.0,718773.0,False,True,47982,6651.52876,2021-04-23,0.0408,1957,SP,0,0
Santo André,3547809.0,2021-04-25,202117,721368.0,718773.0,False,False,48270,6691.45291,2021-04-25,0.041,1981,SP,288,24
Santo André,3547809.0,2021-04-26,202117,721368.0,718773.0,False,False,48312,6697.27518,2021-04-26,0.041,1983,SP,42,2
Santo André,3547809.0,2021-04-27,202117,721368.0,718773.0,False,False,48482,6720.841509999999,2021-04-27,0.0413,2003,SP,170,20
Santo André,3547809.0,2021-04-28,202117,721368.0,718773.0,False,False,48758,6759.10215,2021-04-28,0.0417,2033,SP,276,30
Santo André,3547809.0,2021-04-29,202117,721368.0,718773.0,False,False,48938,6784.0547400000005,2021-04-29,0.042,2054,SP,180,21
Santo André,3547809.0,2021-04-30,202117,721368.0,718773.0,False,False,49130,6810.670840000001,2021-04-30,0.042,2064,SP,192,10
Santo André,3547809.0,2021-05-01,202117,721368.0,718773.0,False,True,49130,6810.670840000001,2021-04-30,0.042,2064,SP,0,0
Santo André,3547809.0,2021-05-02,202118,721368.0,718773.0,False,False,49401,6848.23835,2021-05-02,0.0424,2094,SP,271,30
Santo André,3547809.0,2021-05-03,202118,721368.0,718773.0,False,False,49431,6852.397109999999,2021-05-03,0.0424,2094,SP,30,0
Santo André,3547809.0,2021-05-04,202118,721368.0,718773.0,False,False,49590,6874.43857,2021-05-04,0.0426,2114,SP,159,20
Santo André,3547809.0,2021-05-05,202118,721368.0,718773.0,False,False,49730,6893.846140000001,2021-05-05,0.0429,2133,SP,140,19
Santo André,3547809.0,2021-05-06,202118,721368.0,718773.0,False,False,49843,6909.51082,2021-05-06,0.0429,2136,SP,113,3
Santo André,3547809.0,2021-05-07,202118,721368.0,718773.0,False,False,50025,6934.7406599999995,2021-05-07,0.043,2149,SP,182,13
Santo André,3547809.0,2021-05-08,202118,721368.0,718773.0,False,False,50218,6961.495379999999,2021-05-08,0.0431,2162,SP,193,13
Santo André,3547809.0,2021-05-09,202119,721368.0,718773.0,False,False,50293,6971.892290000001,2021-05-09,0.043,2162,SP,75,0
Santo André,3547809.0,2021-05-10,202119,721368.0,718773.0,False,False,50341,6978.54632,2021-05-10,0.0429,2162,SP,48,0
Santo André,3547809.0,2021-05-11,202119,721368.0,718773.0,False,False,50540,7006.132790000001,2021-05-11,0.0431,2176,SP,199,14
Santo André,3547809.0,2021-05-12,202119,721368.0,718773.0,False,False,50718,7030.808129999999,2021-05-12,0.0434,2201,SP,178,25
Santo André,3547809.0,2021-05-13,202119,721368.0,718773.0,False,False,50946,7062.41475,2021-05-13,0.0437,2225,SP,228,24
Santo André,3547809.0,2021-05-14,202119,721368.0,718773.0,False,False,51101,7083.9017,2021-05-14,0.0438,2238,SP,155,13
Santo André,3547809.0,2021-05-15,202119,721368.0,718773.0,False,False,51248,7104.27965,2021-05-15,0.044,2257,SP,147,19
Santo André,3547809.0,2021-05-16,202120,721368.0,718773.0,False,True,51248,7104.27965,2021-05-15,0.044,2257,SP,0,0
Santo André,3547809.0,2021-05-17,202120,721368.0,718773.0,False,False,51376,7122.0237099999995,2021-05-17,0.0444,2282,SP,128,25
Santo André,3547809.0,2021-05-18,202120,721368.0,718773.0,False,False,51510,7140.5995299999995,2021-05-18,0.0448,2306,SP,134,24
Santo André,3547809.0,2021-05-19,202120,721368.0,718773.0,False,False,51682,7164.443109999999,2021-05-19,0.0449,2320,SP,172,14
Santo André,3547809.0,2021-05-20,202120,721368.0,718773.0,False,False,51897,7194.2476,2021-05-20,0.0451,2338,SP,215,18
Santo André,3547809.0,2021-05-21,202120,721368.0,718773.0,False,False,52146,7228.76535,2021-05-21,0.045,2346,SP,249,8
Santo André,3547809.0,2021-05-22,202120,721368.0,718773.0,False,False,52355,7257.73808,2021-05-22,0.0452,2366,SP,209,20
Santo André,3547809.0,2021-05-23,202121,721368.0,718773.0,False,False,52457,7271.87788,2021-05-23,0.0451,2366,SP,102,0
Santo André,3547809.0,2021-05-24,202121,721368.0,718773.0,False,False,52516,7280.05678,2021-05-24,0.0451,2366,SP,59,0
Santo André,3547809.0,2021-05-25,202121,721368.0,718773.0,False,False,52663,7300.43473,2021-05-25,0.0454,2389,SP,147,23
Santo André,3547809.0,2021-05-26,202121,721368.0,718773.0,False,False,52865,7328.43708,2021-05-26,0.0459,2425,SP,202,36
Santo André,3547809.0,2021-05-27,202121,721368.0,718773.0,False,False,53042,7352.973790000001,2021-05-27,0.0461,2445,SP,177,20
Santo André,3547809.0,2021-05-28,202121,721368.0,718773.0,False,False,53060,7355.46905,2021-05-28,0.0466,2473,SP,18,28
Santo André,3547809.0,2021-05-29,202121,721368.0,718773.0,False,False,53197,7374.46075,2021-05-29,0.0471,2507,SP,137,34
Santo André,3547809.0,2021-05-30,202122,721368.0,718773.0,False,False,53327,7392.482059999999,2021-05-30,0.047,2507,SP,130,0
Santo André,3547809.0,2021-05-31,202122,721368.0,718773.0,False,False,53395,7401.9086,2021-05-31,0.047,2507,SP,68,0
Santo André,3547809.0,2021-06-01,202122,721368.0,718773.0,False,True,53395,7401.9086,2021-05-31,0.047,2507,SP,0,0
Santo André,3547809.0,2021-06-02,202122,721368.0,718773.0,False,False,53808,7459.16093,2021-06-02,0.0476,2562,SP,413,55
Santo André,3547809.0,2021-06-03,202122,721368.0,718773.0,False,False,53993,7484.80665,2021-06-03,0.0475,2565,SP,185,3
Santo André,3547809.0,2021-06-04,202122,721368.0,718773.0,False,False,54034,7490.490290000001,2021-06-04,0.0475,2565,SP,41,0
Santo André,3547809.0,2021-06-05,202122,721368.0,718773.0,False,False,54189,7511.97724,2021-06-05,0.0474,2571,SP,155,6
Santo André,3547809.0,2021-06-06,202123,721368.0,718773.0,False,False,54306,7528.19643,2021-06-06,0.0474,2575,SP,117,4
Santo André,3547809.0,2021-06-07,202123,721368.0,718773.0,False,False,54365,7536.37533,2021-06-07,0.0474,2575,SP,59,0
Santo André,3547809.0,2021-06-08,202123,721368.0,718773.0,False,False,54426,7544.8314900000005,2021-06-08,0.0474,2578,SP,61,3
Santo André,3547809.0,2021-06-09,202123,721368.0,718773.0,False,False,54470,7550.931009999999,2021-06-09,0.0474,2583,SP,44,5
Santo André,3547809.0,2021-06-10,202123,721368.0,718773.0,False,False,54669,7578.5174799999995,2021-06-10,0.0475,2598,SP,199,15
Santo André,3547809.0,2021-06-11,202123,721368.0,718773.0,False,False,54951,7617.60987,2021-06-11,0.0476,2614,SP,282,16
Santo André,3547809.0,2021-06-12,202123,721368.0,718773.0,False,False,55154,7645.75085,2021-06-12,0.0476,2625,SP,203,11
Santo André,3547809.0,2021-06-13,202124,721368.0,718773.0,False,False,55217,7654.484259999999,2021-06-13,0.0475,2625,SP,63,0
Santo André,3547809.0,2021-06-14,202124,721368.0,718773.0,False,True,55217,7654.484259999999,2021-06-13,0.0475,2625,SP,0,0
Santo André,3547809.0,2021-06-15,202124,721368.0,718773.0,False,False,55516,7695.933279999999,2021-06-15,0.0474,2634,SP,299,9
Santo André,3547809.0,2021-06-16,202124,721368.0,718773.0,False,False,55797,7734.88705,2021-06-16,0.0476,2657,SP,281,23
Santo André,3547809.0,2021-06-17,202124,721368.0,718773.0,False,True,55797,7734.88705,2021-06-16,0.0476,2657,SP,0,0
Santo André,3547809.0,2021-06-18,202124,721368.0,718773.0,False,False,56280,7801.843159999999,2021-06-18,0.0476,2679,SP,483,22
Santo André,3547809.0,2021-06-19,202124,721368.0,718773.0,False,False,56438,7823.74599,2021-06-19,0.0476,2688,SP,158,9
Santo André,3547809.0,2021-06-20,202125,721368.0,718773.0,False,False,56488,7830.67727,2021-06-20,0.0477,2697,SP,50,9
Santo André,3547809.0,2021-06-21,202125,721368.0,718773.0,False,False,56535,7837.19267,2021-06-21,0.0477,2697,SP,47,0
Santo André,3547809.0,2021-06-22,202125,721368.0,718773.0,False,False,56718,7862.56113,2021-06-22,0.0476,2701,SP,183,4
Santo André,3547809.0,2021-06-23,202125,721368.0,718773.0,False,False,56975,7898.18789,2021-06-23,0.0478,2721,SP,257,20
Santo André,3547809.0,2021-06-24,202125,721368.0,718773.0,False,False,57186,7927.437870000001,2021-06-24,0.0478,2731,SP,211,10
Santo André,3547809.0,2021-06-25,202125,721368.0,718773.0,False,False,57517,7973.322909999999,2021-06-25,0.0476,2739,SP,331,8
Santo André,3547809.0,2021-06-26,202125,721368.0,718773.0,False,False,57718,8001.18663,2021-06-26,0.0475,2744,SP,201,5
Santo André,3547809.0,2021-06-27,202126,721368.0,718773.0,True,False,57811,8014.078809999999,2021-06-27,0.0476,2750,SP,93,6
Santo André,3547809.0,2021-06-28,202126,721368.0,718773.0,False,True,57811,8014.078809999999,2021-06-27,0.0476,2750,SP,0,0
